Revenue_latest,Revenue_mean,Revenue_std,Expenditure_latest,Expenditure_mean,Expenditure_std,Staff_latest,Staff_mean,Staff_std,Profit_latest,Profit_mean,Profit_std,Profit_margin_latest,Profit_margin_mean,Revenue_trend,Expenditure_trend,Staff_trend,Loss_years
0.0,91250.0,105386.19454178996,33750.0,33850.0,47283.34802020686,1.0,1.0,0.0,-33750.0,57400.0,146529.17229457528,0.995,0.9975,-500.0000000000085,-20009.999999999996,0.0,2
3000000.0,2562500.0,471478.1719938545,2341000.0,1954000.0,345286.3545908912,2.0,2.0,0.0,659000.0,608500.0,146108.40724156384,0.21966666666666668,0.23575389522757945,344999.9999999999,262399.99999999994,0.0,0
0.0,8500.0,17000.0,0.0,1762.5,3525.0,0.0,0.25,0.5,0.0,6737.5,13475.0,0.7926470588235294,0.7926470588235294,-10200.0,-2114.9999999999995,-0.29999999999999993,0
0.0,532635.0,829794.2955335376,117000.0,39150.0,53948.72565686793,0.0,0.0,0.0,-117000.0,493485.0,840394.8630852047,0.9847274436090225,0.9827070694439963,-562553.9999999998,24389.999999999993,0.0,1
588000.0,447000.0,108388.19123871383,498000.0,384900.0,91301.91673782101,2.0,2.0,0.0,90000.0,62100.0,24560.9446072418,0.15306122448979592,0.13802756838471125,54000.0,50520.0,0.0,0
625000.0,535000.0,85537.51613570894,333800.0,301575.0,27439.190342768256,1.0,1.0,0.0,291200.0,233425.0,59988.13077045603,0.46592,0.43128508474576277,40999.999999999985,17589.999999999993,0.0,0
600000.0,330000.0,315594.67676119,870000.0,502500.0,372681.72301129374,1.0,1.0,0.0,-270000.0,-172500.0,164595.4636879968,-0.45,-1.1611111111111112,203999.99999999994,186999.99999999994,0.0,3
17520000.0,12202500.0,3987753.1267619864,14820000.0,9603500.0,3617930.2093876824,4.0,4.0,1.4142135623730951,2700000.0,2599000.0,895574.6758366943,0.1541095890410959,0.217476802280206,2999999.9999999995,2522799.999999999,-0.5999999999999999,0
650000.0,418750.0,286774.4467928294,230000.0,157750.0,106177.13187562251,1.0,1.0,0.0,420000.0,261000.0,181385.4091890157,0.6461538461538462,0.6212576312576313,197499.99999999994,70099.99999999999,0.0,0
8800000.0,7525000.0,899536.917900909,7415000.0,6503250.0,798588.0769625017,3.0,2.75,0.5,1385000.0,1021750.0,329635.53105412243,0.15738636363636363,0.13560982620320855,650000.0,610099.9999999999,0.09999999999999998,0
6456000.0,2367750.0,2730732.548236828,0.0,0.0,0.0,3.0,2.5,0.5773502691896257,6456000.0,2367750.0,2730732.548236828,1.0,1.0,1698299.9999999995,0.0,0.3999999999999999,0
100000.0,100000.0,0.0,490000.0,490000.0,0.0,3.0,3.0,0.0,-390000.0,-390000.0,0.0,-3.9,-3.9,0.0,0.0,0.0,4
1720000.0,1187000.0,576746.0446331643,709000.0,745000.0,213222.88807724183,1.0,1.0,0.0,1011000.0,442000.0,463506.92191882816,0.5877906976744186,0.29193430543464743,428799.99999999994,88799.99999999996,0.0,0
60000.0,26000.0,22978.250586152113,444000.0,177000.0,199689.75937688944,2.0,1.25,0.5,-384000.0,-151000.0,177910.0896520487,-6.4,-4.550000000000001,15200.0,145199.99999999997,0.29999999999999993,4
0.0,135000.0,172336.87939614087,0.0,264750.0,310210.00950968685,0.0,1.0,1.1547005383792515,0.0,-129750.0,151262.1895914508,-1.5833333333333333,-1.1166666666666667,-125999.99999999997,-224699.99999999997,-0.7999999999999998,2
1000000.0,274000.0,486111.09841269825,186000.0,198000.0,16248.07680927192,2.0,2.0,0.0,814000.0,76000.0,492982.75831919315,0.814,-0.24925000000000003,309600.0,1199.9999999999998,0.0,3
1977000.0,494250.0,988500.0,0.0,125000.0,250000.0,4.0,3.5,0.5773502691896257,1977000.0,369250.0,1097443.5065186727,1.0,1.0,593099.9999999999,-150000.0,0.3999999999999999,1
0.0,10882500.0,19482861.4855895,0.0,1057500.0,1221430.1726528073,2.0,2.0,0.0,0.0,9825000.0,18741293.9788052,0.948,0.6694674220963173,-5059000.0,-852999.9999999999,0.0,0
0.0,270750.0,541500.0,40000.0,203031.25,135814.60920282718,0.0,0.5,0.5773502691896257,-40000.0,67718.75,558454.0451755334,0.8127885503231763,0.8127885503231763,-324900.00000000006,-66387.5,-0.3999999999999999,3
100000.0,100000.0,0.0,700000.0,640000.0,120000.0,3.0,2.75,0.5,-600000.0,-540000.0,120000.0,-6.0,-5.4,0.0,-23999.999999999993,-0.09999999999999998,4
0.0,10750.0,12473.304828045106,0.0,39550.0,46110.338681616005,0.0,1.0,1.1547005383792515,0.0,-28800.0,33650.85437251185,-2.7782608695652176,-2.6716304347826085,-8299.999999999998,-30080.0,-0.7999999999999998,2
200000.0,237500.0,110867.78913041725,838000.0,806250.0,170697.34424803843,1.0,1.0,0.0,-638000.0,-568750.0,77163.78684331142,-3.19,-2.6508333333333334,-54999.99999999999,-46899.99999999998,0.0,4
63000.0,41750.0,19015.344680897408,309300.0,245875.0,57833.28770411264,4.0,3.5,0.5773502691896257,-246300.0,-204125.0,38834.98208230993,-3.9095238095238094,-5.428021978021977,14499.999999999998,43810.00000000001,0.3999999999999999,4
50000.0,50000.0,0.0,385000.0,353000.0,36950.417228136044,4.0,2.5,1.0,-335000.0,-303000.0,36950.417228136044,-6.7,-6.06,0.0,25599.999999999993,0.5999999999999999,4
3500000.0,2750000.0,645497.2243679028,2000000.0,1461250.0,476871.3138782831,4.0,3.25,0.9574271077563381,1500000.0,1288750.0,172934.23605521262,0.42857142857142855,0.4777261904761905,199999.99999999997,126500.0,0.09999999999999998,0
50000.0,50000.0,0.0,680000.0,680000.0,0.0,1.0,1.0,0.0,-630000.0,-630000.0,0.0,-12.6,-12.6,0.0,0.0,0.0,4
2838000.0,1825500.0,773300.071123752,1323000.0,668490.0,439295.7641498493,1.0,1.0,0.0,1515000.0,1157010.0,416130.6145911401,0.5338266384778013,0.6464320408830668,493799.9999999998,256283.99999999997,0.0,0
191520.0,332430.0,103490.30679247211,117736.0,205039.0,64077.290860335226,1.0,1.0,0.0,73784.0,127391.0,39413.18363187627,0.3852548036758563,0.3834659565580618,-76523.99999999999,-47365.2,0.0,0
2580000.0,2440500.0,463542.58344478626,2392600.0,2145062.5,473298.53752679186,0.0,0.75,1.5,187400.0,295437.5,74887.46418237612,0.07263565891472869,0.12524606682850842,277339.99999999994,316034.99999999994,-0.8999999999999999,0
29600000.0,26170000.0,3611592.4465531823,25735600.0,22655200.0,3236845.8350684545,5.0,5.0,0.0,3864400.0,3514800.0,393022.84920854156,0.13055405405405404,0.13479072240501427,2515999.999999999,2285159.9999999995,0.0,0
475000.0,597500.0,245441.77856808866,247000.0,342750.0,243342.86511011576,2.0,3.5,3.0,228000.0,254750.0,38782.51324158007,0.48,0.46606556950610434,-134999.99999999997,-135599.99999999997,-1.7999999999999998,0
0.0,0.0,0.0,320000.0,226500.0,65592.1743299712,1.0,1.0,0.0,-320000.0,-226500.0,65592.1743299712,,,0.0,47399.99999999999,0.0,4
0.0,1462500.0,1689859.4616121189,0.0,1107000.0,1281291.5359121046,2.0,0.5,1.0,0.0,355500.0,436844.3658787418,0.18526315789473685,0.24163157894736842,-1184999.9999999998,-863999.9999999998,0.5999999999999999,0
0.0,0.0,0.0,120000.0,101500.0,25066.57801402763,1.0,2.0,1.1547005383792515,-120000.0,-101500.0,25066.57801402763,,,0.0,15999.999999999995,-0.7999999999999998,4
21850550.0,16092525.0,4606038.313905635,19824000.0,14710250.0,4132223.4833884127,2.0,2.0,0.0,2026550.0,1382275.0,478316.4041719665,0.09274594918663374,0.08495762418996079,3547989.9999999995,3187299.9999999995,0.0,0
0.0,1512500.0,3025000.0,0.0,1490000.0,2980000.0,2.0,1.5,1.2909944487358056,0.0,22500.0,45000.0,0.01487603305785124,0.01487603305785124,-1814999.9999999998,-1788000.0,-0.19999999999999987,0
0.0,0.0,0.0,0.0,0.0,0.0,2.0,2.0,0.0,0.0,0.0,0.0,,,0.0,0.0,0.0,0
2087600.0,847150.0,1029566.6191817474,950800.0,475400.0,548944.6359454961,2.0,1.0,1.1547005383792515,1136800.0,371750.0,536085.2015615925,0.5445487641310596,0.4068631599287119,756379.9999999998,380319.99999999994,0.7999999999999998,0
20000.0,15250.0,4112.987559751022,287000.0,164750.0,86330.2766511649,2.0,2.0,0.0,-267000.0,-149500.0,83866.95813409872,-13.35,-9.866666666666667,3099.999999999999,37699.99999999999,0.0,4
1009090.0,661979.0,360536.85132590815,828000.0,575726.0,300346.2377723417,1.0,0.5,0.5773502691896257,181090.0,86253.0,68998.7900280384,0.1794587202330813,0.11991129308209636,274225.5999999999,222760.79999999993,0.3999999999999999,0
17520000.0,12202500.0,3987753.1267619864,14820000.0,9603500.0,3617930.2093876824,2.0,2.0,0.0,2700000.0,2599000.0,895574.6758366943,0.1541095890410959,0.217476802280206,2999999.9999999995,2522799.999999999,0.0,0
0.0,420000.0,840000.0,0.0,365750.0,731500.0,0.0,0.5,1.0,0.0,54250.0,108500.0,0.12916666666666668,0.12916666666666668,-503999.99999999977,-438899.9999999999,-0.5999999999999999,0
1000000.0,600000.0,316227.7660168379,762800.0,487475.0,236207.56881748448,4.0,3.5,0.5773502691896257,237200.0,112525.0,85965.19974191107,0.2372,0.17651190476190476,240000.0,180741.99999999997,0.3999999999999999,0
0.0,25000.0,50000.0,0.0,22500.0,45000.0,0.0,0.25,0.5,0.0,2500.0,5000.0,0.1,0.1,-29999.999999999993,-26999.999999999993,-0.29999999999999993,0
1800000.0,820000.0,823164.6250902672,1707000.0,881600.0,785027.7107635543,5.0,4.0,0.816496580927726,93000.0,-61600.0,135200.49309574775,0.051666666666666666,-0.3925694444444444,595999.9999999999,575080.0,0.5999999999999999,2
600000.0,300000.0,255734.23705088845,290500.0,156812.5,117262.59971391845,2.0,2.0,0.0,309500.0,143187.5,140312.21362257338,0.5158333333333334,0.293109649122807,197999.99999999997,90364.99999999999,0.0,1
2350000.0,2215000.0,120692.44660154448,1271080.0,1172510.0,236841.56701615252,2.0,2.0,0.0,1078920.0,1042490.0,180915.2505088133,0.4591148936170213,0.4724966012114535,91999.99999999999,95507.99999999996,0.0,0
620000.0,273125.0,321074.85497933347,496000.0,218500.0,256859.88398346675,1.0,0.5,0.5773502691896257,124000.0,54625.0,64214.970995866686,0.2,0.2,233250.0,186599.99999999997,0.3999999999999999,0
1000000.0,274000.0,486111.09841269825,186000.0,198000.0,16248.07680927192,2.0,2.0,0.0,814000.0,76000.0,492982.75831919315,0.814,-0.24925000000000003,309600.0,1199.9999999999998,0.0,3
0.0,10882500.0,19482861.4855895,0.0,1057500.0,1221430.1726528073,8.0,8.0,0.0,0.0,9825000.0,18741293.9788052,0.948,0.6694674220963173,-5059000.0,-852999.9999999999,0.0,0
0.0,19500.0,39000.0,0.0,17300.0,34600.0,0.0,0.25,0.5,0.0,2200.0,4400.0,0.11282051282051282,0.11282051282051282,-23400.0,-20760.0,-0.29999999999999993,0
0.0,762500.0,1525000.0,0.0,494250.0,988500.0,2.0,2.0,0.0,0.0,268250.0,536500.0,0.35180327868852457,0.35180327868852457,-914999.9999999997,-593099.9999999999,0.0,0
0.0,0.0,0.0,0.0,0.0,0.0,2.0,1.5,1.0,0.0,0.0,0.0,,,0.0,0.0,0.5999999999999999,0
29600000.0,26170000.0,3611592.4465531823,25735600.0,22655200.0,3236845.8350684545,1.0,1.0,0.0,3864400.0,3514800.0,393022.84920854156,0.13055405405405404,0.13479072240501427,2515999.999999999,2285159.9999999995,0.0,0
0.0,54000.0,108000.0,0.0,16000.0,32000.0,0.0,0.25,0.5,0.0,38000.0,76000.0,0.7037037037037037,0.7037037037037037,-64799.99999999999,-19199.999999999996,-0.29999999999999993,0
1000000.0,274000.0,486111.09841269825,186000.0,198000.0,16248.07680927192,1.0,1.0,0.0,814000.0,76000.0,492982.75831919315,0.814,-0.24925000000000003,309600.0,1199.9999999999998,0.0,3
175000.0,150000.0,35355.33905932738,367000.0,212500.0,114586.93933719788,1.0,1.0,0.0,-192000.0,-62500.0,88441.12919526374,-1.0971428571428572,-0.35708333333333336,24999.999999999993,86200.0,0.0,3
588000.0,447000.0,108388.19123871383,498000.0,384900.0,91301.91673782101,2.0,2.0,0.0,90000.0,62100.0,24560.9446072418,0.15306122448979592,0.13802756838471125,54000.0,50520.0,0.0,0
0.0,0.0,0.0,127500.0,128750.0,112888.21904875636,0.0,0.0,0.0,-127500.0,-128750.0,112888.21904875636,,,0.0,21999.999999999985,0.0,3
0.0,1512500.0,3025000.0,0.0,1490000.0,2980000.0,1.0,1.0,0.0,0.0,22500.0,45000.0,0.01487603305785124,0.01487603305785124,-1814999.9999999998,-1788000.0,0.0,0
0.0,1152000.0,2304000.0,675000.0,224200.0,310354.6680815354,0.0,0.5,0.5773502691896257,-675000.0,927800.0,2353243.2130997423,0.9607421875,0.9607421875,-1382399.9999999998,144139.99999999997,-0.3999999999999999,2
0.0,19500.0,39000.0,0.0,351562.5,406598.408291277,0.0,1.5,1.7320508075688772,0.0,-332062.5,430260.98547858134,1.0,1.0,7800.000000000002,-275625.0,-1.1999999999999997,2
0.0,10882500.0,19482861.4855895,0.0,1057500.0,1221430.1726528073,5.0,2.5,2.886751345948129,0.0,9825000.0,18741293.9788052,0.948,0.6694674220963173,-5059000.0,-852999.9999999999,1.9999999999999996,0
30000.0,7500.0,15000.0,3206000.0,1747000.0,1384626.5441145734,2.0,1.75,0.5,-3176000.0,-1739500.0,1374130.8768333048,-105.86666666666666,-105.86666666666666,9000.0,1041599.9999999998,0.09999999999999998,4
58570000.0,53495000.0,4652529.777801893,49690000.0,45010625.0,3865039.3567422656,3.0,2.5,0.5773502691896257,8880000.0,8484375.0,970302.8200000245,0.1516134539866826,0.15847918378716877,2650000.0,2390050.0,0.3999999999999999,0
50000.0,50000.0,0.0,790000.0,790000.0,0.0,1.0,1.0,0.0,-740000.0,-740000.0,0.0,-14.8,-14.8,0.0,0.0,0.0,4
100000.0,100000.0,0.0,790000.0,790000.0,0.0,3.0,3.0,0.0,-690000.0,-690000.0,0.0,-6.9,-6.9,0.0,0.0,0.0,4
35000.0,23500.0,8962.8864398325,50100.0,36675.0,10564.208441714884,1.0,1.0,0.0,-15100.0,-13175.0,5069.763308084511,-0.43142857142857144,-0.6298870573870574,6199.999999999998,8069.999999999998,0.0,4
110000.0,110000.0,0.0,47000.0,43000.0,4618.8021535170055,1.0,1.0,0.0,63000.0,67000.0,4618.8021535170055,0.5727272727272728,0.6090909090909091,0.0,3199.999999999999,0.0,0
0.0,0.0,0.0,120000.0,101500.0,25066.57801402763,0.0,0.0,0.0,-120000.0,-101500.0,25066.57801402763,,,0.0,15999.999999999995,0.0,4
1200000.0,1050000.0,191485.42155126762,1531000.0,997500.0,474719.21525606414,2.0,2.0,0.0,-331000.0,52500.0,297475.48918636417,-0.2758333333333333,0.0895625,-19999.99999999999,59799.999999999985,0.0,1
20000.0,1157000.0,2300685.9846576196,75000.0,29296.875,32560.41560027298,0.0,1.0,1.1547005383792515,-55000.0,1127703.125,2310932.020995871,-2.75,-0.87652587890625,466799.99999999994,15468.75,-0.7999999999999998,2
58570000.0,53495000.0,4652529.777801893,49690000.0,45010625.0,3865039.3567422656,2.0,1.5,1.0,8880000.0,8484375.0,970302.8200000245,0.1516134539866826,0.15847918378716877,2650000.0,2390050.0,0.5999999999999999,0
2870000.0,1310000.0,1526368.2386632657,2009000.0,855250.0,1017188.0766767439,4.0,2.25,2.0615528128088303,861000.0,454750.0,526591.1601992574,0.3,0.3521097046413502,1098000.0,743900.0000000001,1.5,0
50000.0,50000.0,0.0,370000.0,370000.0,0.0,1.0,1.0,0.0,-320000.0,-320000.0,0.0,-6.4,-6.4,0.0,0.0,0.0,4
0.0,0.0,0.0,380000.0,273875.0,88961.01674329043,1.0,1.0,0.0,-380000.0,-273875.0,88961.01674329043,,,0.0,68849.99999999999,0.0,4
0.0,0.0,0.0,56250.0,42187.5,53855.27481129402,1.0,1.0,0.0,-56250.0,-42187.5,53855.27481129402,,,0.0,28124.999999999996,0.0,2
0.0,1462500.0,1689859.4616121189,0.0,1107000.0,1281291.5359121046,7.0,5.75,0.9574271077563381,0.0,355500.0,436844.3658787418,0.18526315789473685,0.24163157894736842,-1184999.9999999998,-863999.9999999998,0.6999999999999997,0
29600000.0,26170000.0,3611592.4465531823,25735600.0,22655200.0,3236845.8350684545,1.0,0.25,0.5,3864400.0,3514800.0,393022.84920854156,0.13055405405405404,0.13479072240501427,2515999.999999999,2285159.9999999995,0.29999999999999993,0
600000.0,300000.0,346410.16151377547,498000.0,432000.0,76210.2355330306,1.0,1.0,0.0,102000.0,-132000.0,270199.9259807449,0.17,0.17,239999.99999999994,52800.0,0.0,2
200000.0,237500.0,110867.78913041725,838000.0,806250.0,170697.34424803843,3.0,4.5,3.0,-638000.0,-568750.0,77163.78684331142,-3.19,-2.6508333333333334,-54999.99999999999,-46899.99999999998,-1.7999999999999998,4
0.0,1512500.0,3025000.0,0.0,1490000.0,2980000.0,1.0,1.0,0.0,0.0,22500.0,45000.0,0.01487603305785124,0.01487603305785124,-1814999.9999999998,-1788000.0,0.0,0
50000.0,50000.0,0.0,360000.0,360000.0,0.0,2.0,2.0,0.0,-310000.0,-310000.0,0.0,-6.2,-6.2,0.0,0.0,0.0,4
29600000.0,26170000.0,3611592.4465531823,25735600.0,22655200.0,3236845.8350684545,1.0,0.5,0.5773502691896257,3864400.0,3514800.0,393022.84920854156,0.13055405405405404,0.13479072240501427,2515999.999999999,2285159.9999999995,0.3999999999999999,0
1000000.0,1000000.0,0.0,3700000.0,3700000.0,0.0,4.0,4.75,0.5,-2700000.0,-2700000.0,0.0,-2.7,-2.7,0.0,0.0,-0.29999999999999993,4
14025000.0,3806250.0,6835945.892851991,18000.0,3011250.0,5942537.052892476,0.0,0.5,0.5773502691896257,14007000.0,795000.0,10143953.389827853,0.9987165775401069,-3.9693917112299464,3847499.9999999995,-3575549.9999999986,-0.3999999999999999,3
7200000.0,2296750.0,3400388.5439755265,6292000.0,2067250.0,2966687.4203393925,4.0,2.0,2.309401076758503,908000.0,229500.0,452357.8966555869,0.12611111111111112,0.0655719118716099,1563900.0,1294499.9999999998,9.930136612989092e-17,0
0.0,0.0,0.0,0.0,0.0,0.0,1.0,0.25,0.5,0.0,0.0,0.0,,,0.0,0.0,0.29999999999999993,0
4612500.0,1153125.0,2306250.0,3790000.0,947500.0,1895000.0,4.0,1.0,2.0,822500.0,205625.0,411250.0,0.17831978319783198,0.17831978319783198,1383749.9999999995,1136999.9999999998,1.1999999999999997,0
1000000.0,274000.0,486111.09841269825,186000.0,198000.0,16248.07680927192,6.0,7.0,1.1547005383792515,814000.0,76000.0,492982.75831919315,0.814,-0.24925000000000003,309600.0,1199.9999999999998,-0.7999999999999998,3
100000.0,410000.0,357957.166897568,520000.0,512500.0,5000.0,2.0,2.0,0.0,-420000.0,-102500.0,360867.0115153226,-4.2,-1.9291666666666667,-247999.9999999999,2999.999999999999,0.0,2
17520000.0,12202500.0,3987753.1267619864,14820000.0,9603500.0,3617930.2093876824,11.0,8.0,2.160246899469287,2700000.0,2599000.0,895574.6758366943,0.1541095890410959,0.217476802280206,2999999.9999999995,2522799.999999999,1.5999999999999996,0
732500.0,501420.5,199514.35229326235,468800.0,342162.5,118889.54184872612,1.0,1.0,0.0,263700.0,159258.0,81981.03467266072,0.36,0.3068982799662049,154364.39999999997,91638.59999999999,0.0,0
0.0,1512500.0,3025000.0,0.0,1490000.0,2980000.0,1.0,0.5,0.5773502691896257,0.0,22500.0,45000.0,0.01487603305785124,0.01487603305785124,-1814999.9999999998,-1788000.0,0.3999999999999999,0
58570000.0,53495000.0,4652529.777801893,49690000.0,45010625.0,3865039.3567422656,1.0,1.0,0.0,8880000.0,8484375.0,970302.8200000245,0.1516134539866826,0.15847918378716877,2650000.0,2390050.0,0.0,0
0.0,465000.0,537494.1860150675,0.0,407500.0,470575.17996596463,0.0,2.5,2.886751345948129,0.0,57500.0,69000.0,0.14375,0.1229861111111111,-366000.00000000006,-324600.0,-1.9999999999999996,0
50000.0,50000.0,0.0,204000.0,216500.0,25000.0,2.0,2.0,0.0,-154000.0,-166500.0,25000.0,-3.08,-3.33,0.0,-14999.999999999996,0.0,4
0.0,211250.0,147782.21588991463,0.0,177500.0,118705.51798463288,0.0,1.5,1.0,0.0,33750.0,56558.96628003969,0.27076923076923076,0.13116550116550116,-79500.00000000001,-68600.0,-0.5999999999999999,1
0.0,0.0,0.0,900900.0,375625.0,350410.49618031323,1.0,1.0,0.0,-900900.0,-375625.0,350410.49618031323,,,0.0,216289.99999999994,0.0,4
1320000.0,701400.0,579159.2527103404,792000.0,432830.0,342439.81602611573,2.0,1.25,0.9574271077563381,528000.0,268570.0,238645.95450164247,0.4,0.36734749455337684,446639.9999999999,263187.99999999994,0.7,0
6000000.0,4375000.0,2286737.122335374,12570000.0,11298500.0,988894.8376849785,1.0,2.0,1.1547005383792515,-6570000.0,-6923500.0,1739419.3475601755,-1.095,-3.194259090909091,1549999.9999999998,734999.9999999998,-0.7999999999999998,4
0.0,2156250.0,2566480.648021073,3773000.0,1699500.0,1986030.6308480408,0.0,0.5,0.5773502691896257,-3773000.0,456750.0,4505914.511321018,1.0,1.0,-1572499.9999999998,1434399.9999999998,-0.3999999999999999,2
591000.0,506000.0,84896.01482598187,296000.0,143900.0,101829.85809672918,2.0,2.0,0.0,295000.0,362100.0,70021.8061273296,0.49915397631133673,0.7278749138309206,61400.0,64919.999999999985,0.0,0
100000.0,100000.0,0.0,590000.0,590000.0,0.0,4.0,4.0,0.0,-490000.0,-490000.0,0.0,-4.9,-4.9,0.0,0.0,0.0,4
0.0,2156250.0,2566480.648021073,3773000.0,1699500.0,1986030.6308480408,2.0,2.0,0.0,-3773000.0,456750.0,4505914.511321018,1.0,1.0,-1572499.9999999998,1434399.9999999998,0.0,2
0.0,2156250.0,2566480.648021073,3773000.0,1699500.0,1986030.6308480408,4.0,3.5,1.9148542155126762,-3773000.0,456750.0,4505914.511321018,1.0,1.0,-1572499.9999999998,1434399.9999999998,-0.5999999999999999,2
3200000.0,2675000.0,888350.5314157619,2606000.0,2292950.0,653287.3869898301,3.0,2.5,1.0,594000.0,382050.0,252707.49230417894,0.185625,0.12995005952380953,609999.9999999999,427019.99999999994,0.5999999999999999,0
0.0,46250.0,92500.0,0.0,31800.0,63600.0,1.0,1.0,0.0,0.0,14450.0,28900.0,0.3124324324324324,0.3124324324324324,-55499.99999999999,-38159.999999999985,0.0,0
0.0,1643750.0,3287500.0,0.0,1092312.5,2184625.0,0.0,0.25,0.5,0.0,551437.5,1102875.0,0.33547528517110264,0.33547528517110264,-1972500.0000000002,-1310775.0,-0.29999999999999993,0
0.0,0.0,0.0,126000.0,31500.0,63000.0,1.0,1.0,0.0,-126000.0,-31500.0,63000.0,,,0.0,37799.99999999999,0.0,1
195000.0,163500.0,27814.864131731196,109000.0,93800.0,12607.669623421029,1.0,1.0,0.0,86000.0,69700.0,15282.451810273551,0.441025641025641,0.4235557962978311,3999.9999999999986,2579.999999999999,0.0,0
0.0,220760.0,259345.15688556823,0.0,177412.5,332126.90439800266,0.0,0.5,0.5773502691896257,0.0,43347.5,522648.5655055412,1.0,0.9547697368421053,-64912.00000000001,-77895.0,-0.3999999999999999,1
3000000.0,8000000.0,12023310.69215131,1410000.0,980250.0,363630.1921824791,1.0,1.0,0.0,1590000.0,7019750.0,11894848.75551878,0.53,0.6382574786324786,2960000.0000000005,274899.99999999994,0.0,0
17520000.0,12202500.0,3987753.1267619864,14820000.0,9603500.0,3617930.2093876824,3.0,3.0,0.0,2700000.0,2599000.0,895574.6758366943,0.1541095890410959,0.217476802280206,2999999.9999999995,2522799.999999999,0.0,0
50000.0,50000.0,0.0,360000.0,405000.0,33166.247903554,2.0,2.75,0.5,-310000.0,-355000.0,33166.247903554,-6.2,-7.1,0.0,-18000.0,-0.29999999999999993,4
0.0,0.0,0.0,0.0,0.0,0.0,1.0,1.0,0.0,0.0,0.0,0.0,,,0.0,0.0,0.0,0
0.0,762500.0,1525000.0,0.0,494250.0,988500.0,1.0,1.0,0.0,0.0,268250.0,536500.0,0.35180327868852457,0.35180327868852457,-914999.9999999997,-593099.9999999999,0.0,0
40000.0,40000.0,0.0,230000.0,230000.0,0.0,1.0,1.0,0.0,-190000.0,-190000.0,0.0,-4.75,-4.75,0.0,0.0,0.0,4
102968.1,133705.0675,59656.36548649461,337500.0,380493.75,337792.2255710602,0.0,0.5,0.5773502691896257,-234531.9,-246788.6825,288052.3253433015,-2.277714165843596,-1.412656042316886,-37540.732999999986,-181642.49999999997,-0.3999999999999999,3
720000.0,414000.0,228000.0,163200.0,89100.0,50384.52143267811,1.0,1.0,0.0,556800.0,324900.0,182881.9291236835,0.7733333333333333,0.7770175438596492,79199.99999999999,29879.999999999993,0.0,0
6000000.0,4375000.0,2286737.122335374,12570000.0,11298500.0,988894.8376849785,4.0,4.0,0.0,-6570000.0,-6923500.0,1739419.3475601755,-1.095,-3.194259090909091,1549999.9999999998,734999.9999999998,0.0,4
5509800.0,4765422.5,945425.548738944,4238000.0,3666587.5,736651.0982989166,7.0,6.0,1.1547005383792515,1271800.0,1098835.0,208923.3996388788,0.2308250753203383,0.23092596264384413,129982.00000000003,96284.99999999999,4.965068306494546e-17,0
6250000.0,5647500.0,561270.8793443679,5070000.0,4459750.0,593847.5533894761,4.0,4.0,0.0,1180000.0,1187750.0,44514.97875247536,0.1888,0.21229973311383815,412999.99999999994,429699.99999999994,0.0,0
0.0,10882500.0,19482861.4855895,0.0,1057500.0,1221430.1726528073,2.0,2.0,0.0,0.0,9825000.0,18741293.9788052,0.948,0.6694674220963173,-5059000.0,-852999.9999999999,0.0,0
2780000.0,1159000.0,1263338.9621686388,1668000.0,705360.0,749524.4188150243,3.0,2.0,1.1547005383792515,1112000.0,453640.0,514341.23666427267,0.4,0.36000000000000004,953200.0,567935.9999999999,0.7999999999999998,0
0.0,300000.0,600000.0,22500.0,375571.875,420416.328672023,0.0,1.0,1.4142135623730951,-22500.0,-75571.875,545167.3040581786,0.4375,0.4375,119999.99999999997,-7398.750000000025,-0.9999999999999997,3
0.0,10882500.0,19482861.4855895,0.0,1057500.0,1221430.1726528073,3.0,3.0,0.0,0.0,9825000.0,18741293.9788052,0.948,0.6694674220963173,-5059000.0,-852999.9999999999,0.0,0
140000.0,126250.0,17969.88221070652,120500.0,111000.0,26137.4571576247,1.0,1.0,0.0,19500.0,15250.0,10851.267207105353,0.1392857142857143,0.1300351037851038,12499.999999999996,14300.000000000002,0.0,0
60000.0,44250.0,29511.297271835858,73200.0,58300.0,39032.80671435248,1.0,0.75,0.5,-13200.0,-14050.0,10224.64343306569,-0.22,-0.3182193648938243,17899.999999999996,21559.999999999993,0.29999999999999993,3
4608000.0,1152000.0,2304000.0,15000.0,56796.875,45236.91612752981,1.0,1.5,0.5773502691896257,4593000.0,1095203.125,2332136.869607084,0.9967447916666666,0.9967447916666666,1382400.0000000002,-4406.249999999997,-0.3999999999999999,3
490000.0,422500.0,60759.087111860616,375200.0,351875.0,18428.849665673657,2.0,2.0,0.0,114800.0,70625.0,50416.15977706619,0.2342857142857143,0.1566329365079365,47000.0,9870.0,0.0,0
615000.0,558750.0,57209.410647783,458000.0,447500.0,62040.309476984396,1.0,1.0,0.0,157000.0,111250.0,37375.34838187688,0.2552845528455285,0.19983395872420262,2499.9999999999973,-25799.99999999999,0.0,0
0.0,762500.0,1525000.0,0.0,494250.0,988500.0,1.0,1.0,0.0,0.0,268250.0,536500.0,0.35180327868852457,0.35180327868852457,-914999.9999999997,-593099.9999999999,0.0,0
0.0,15000.0,30000.0,0.0,92000.0,184000.0,0.0,0.25,0.5,0.0,-77000.0,154000.0,-5.133333333333334,-5.133333333333334,-17999.999999999996,-110400.0,-0.29999999999999993,1
0.0,25500.0,51000.0,0.0,22250.0,44500.0,1.0,1.0,0.0,0.0,3250.0,6500.0,0.12745098039215685,0.12745098039215685,-30600.0,-26699.999999999996,0.0,0
180000.0,180000.0,0.0,192500.0,490625.0,626289.9188874111,0.0,1.0,1.1547005383792515,-12500.0,-310625.0,626289.9188874111,-0.06944444444444445,-1.7256944444444444,0.0,158249.9999999999,-0.7999999999999998,3
0.0,0.0,0.0,637500.0,478125.0,318750.0,1.0,1.0,0.0,-637500.0,-478125.0,318750.0,,,0.0,63749.999999999985,0.0,3
78000.0,115260.0,182267.35966705612,0.0,42187.5,53855.27481129402,0.0,3.0,5.354126134736337,78000.0,73072.5,186345.19318995057,1.0,0.9265742481203008,61704.00000000001,-5625.000000000002,-3.4000000000000004,1
0.0,1462500.0,1689859.4616121189,0.0,1107000.0,1281291.5359121046,1.0,1.5,0.5773502691896257,0.0,355500.0,436844.3658787418,0.18526315789473685,0.24163157894736842,-1184999.9999999998,-863999.9999999998,-0.19999999999999996,0
0.0,17500.0,35000.0,0.0,11000.0,22000.0,0.0,0.75,1.5,0.0,6500.0,13000.0,0.37142857142857144,0.37142857142857144,-6999.999999999998,-4400.0,-0.29999999999999993,0
3593290.0,2940551.25,576673.1647472278,2874600.0,2352433.0,461326.458272953,5.0,4.0,1.1547005383792515,718690.0,588118.25,115346.70707155016,0.2000089054877285,0.20000222637193216,441030.49999999994,352814.79999999993,0.7999999999999998,0
1745000.0,1298750.0,412520.20152553334,17972400.0,12505800.0,5859536.104505202,2.0,2.0,0.0,-16227400.0,-11207050.0,5451487.712236603,-9.299369627507163,-8.135608340942724,308499.9999999999,4217040.0,0.0,4
1000000.0,274000.0,486111.09841269825,186000.0,198000.0,16248.07680927192,4.0,1.75,1.5,814000.0,76000.0,492982.75831919315,0.814,-0.24925000000000003,309600.0,1199.9999999999998,0.8999999999999999,3
0.0,762500.0,1525000.0,0.0,494250.0,988500.0,1.0,1.5,0.5773502691896257,0.0,268250.0,536500.0,0.35180327868852457,0.35180327868852457,-914999.9999999997,-593099.9999999999,-0.3999999999999999,0
3110400.0,937200.0,1479726.028695853,20000.0,93593.75,81500.21568222994,0.0,2.0,1.8257418583505538,3090400.0,843606.25,1540359.9920655724,0.9935699588477366,0.9674146786719886,996959.9999999998,-61312.499999999985,-1.4,2
2400000.0,1200000.0,1385640.6460551019,1188000.0,969000.0,252879.4179050561,1.0,1.0,0.0,1212000.0,231000.0,1132761.2281500457,0.505,0.505,959999.9999999998,175200.0,0.0,2
235000.0,184500.0,38957.24151767764,281700.0,241275.0,41534.67426941816,1.0,1.0,0.0,-46700.0,-56775.0,14980.960138344493,-0.19872340425531915,-0.31625123878175854,28199.99999999999,30729.999999999996,0.0,4
2000000.0,1706250.0,307120.361856173,1009000.0,1834125.0,557562.3096719027,1.0,2.0,0.816496580927726,991000.0,-127875.0,795377.7273513929,0.4955,-0.1360815826330532,12499.999999999993,-336949.99999999994,-0.5999999999999999,3
0.0,224750.0,262774.14256353304,90000.0,59375.0,31250.0,0.0,3.25,3.774917217635375,-90000.0,165375.0,290907.5955809107,0.943609022556391,0.9268045112781955,-110099.99999999999,7749.999999999999,-2.6999999999999993,2
0.0,0.0,0.0,0.0,0.0,0.0,3.0,2.75,0.5,0.0,0.0,0.0,,,0.0,0.0,-0.09999999999999998,0
0.0,1462500.0,1689859.4616121189,0.0,1107000.0,1281291.5359121046,6.0,5.25,7.088723439378913,0.0,355500.0,436844.3658787418,0.18526315789473685,0.24163157894736842,-1184999.9999999998,-863999.9999999998,3.299999999999999,0
1745000.0,1298750.0,412520.20152553334,17972400.0,12505800.0,5859536.104505202,2.0,2.0,0.0,-16227400.0,-11207050.0,5451487.712236603,-9.299369627507163,-8.135608340942724,308499.9999999999,4217040.0,0.0,4
0.0,0.0,0.0,0.0,0.0,0.0,0.0,0.0,0.0,0.0,0.0,0.0,,,0.0,0.0,0.0,0
0.0,0.0,0.0,0.0,2952656.25,5628266.004966028,0.0,0.75,0.5,0.0,-2952656.25,5628266.004966028,,,0.0,-3454687.4999999986,-0.29999999999999993,3
750000.0,595000.0,128192.56348686274,574000.0,456875.0,137955.53329485073,5.0,3.0,1.4142135623730951,176000.0,138125.0,64936.34703820863,0.23466666666666666,0.23965384615384616,96000.0,102350.0,0.9999999999999998,0
60000.0,60000.0,0.0,700000.0,700000.0,0.0,7.0,4.0,2.581988897471611,-640000.0,-640000.0,0.0,-10.666666666666666,-10.666666666666666,0.0,0.0,2.0,4
1000000.0,274000.0,486111.09841269825,186000.0,198000.0,16248.07680927192,3.0,3.0,0.0,814000.0,76000.0,492982.75831919315,0.814,-0.24925000000000003,309600.0,1199.9999999999998,0.0,3
0.0,10882500.0,19482861.4855895,0.0,1057500.0,1221430.1726528073,0.0,0.5,0.5773502691896257,0.0,9825000.0,18741293.9788052,0.948,0.6694674220963173,-5059000.0,-852999.9999999999,-0.3999999999999999,0
588000.0,447000.0,108388.19123871383,498000.0,384900.0,91301.91673782101,6.0,4.75,0.9574271077563381,90000.0,62100.0,24560.9446072418,0.15306122448979592,0.13802756838471125,54000.0,50520.0,0.29999999999999993,0
0.0,10882500.0,19482861.4855895,0.0,1057500.0,1221430.1726528073,2.0,2.0,0.0,0.0,9825000.0,18741293.9788052,0.948,0.6694674220963173,-5059000.0,-852999.9999999999,0.0,0
0.0,762500.0,1525000.0,0.0,494250.0,988500.0,4.0,4.25,4.031128874149275,0.0,268250.0,536500.0,0.35180327868852457,0.35180327868852457,-914999.9999999997,-593099.9999999999,-1.8999999999999988,0
800000.0,382500.0,442596.50548402057,406000.0,187250.0,217742.01095179896,2.0,1.0,1.1547005383792515,394000.0,195250.0,225473.3908912535,0.4925,0.5113184931506849,312999.9999999999,156099.99999999997,0.7999999999999998,0
0.0,0.0,0.0,0.0,4000.0,8000.0,4.0,7.25,2.362907813126304,0.0,-4000.0,8000.0,,,0.0,-4799.999999999999,-1.6999999999999995,1
25000.0,8550.0,11793.077065239024,135000.0,42850.0,63784.71603762142,3.0,2.25,1.5,-110000.0,-34300.0,52070.0809806681,-4.4,-3.6782608695652175,8419.999999999998,44139.999999999985,0.29999999999999993,2
0.0,1696250.0,3392500.0,0.0,1198750.0,2397500.0,0.0,0.25,0.5,0.0,497500.0,995000.0,0.2932940309506264,0.2932940309506264,-2035499.999999999,-1438500.0,-0.29999999999999993,0
0.0,0.0,0.0,120000.0,101500.0,25066.57801402763,1.0,1.0,0.0,-120000.0,-101500.0,25066.57801402763,,,0.0,15999.999999999995,0.0,4
0.0,0.0,0.0,640000.0,572500.0,45000.0,4.0,4.0,0.0,-640000.0,-572500.0,45000.0,,,0.0,26999.999999999993,0.0,4
10770000.0,5995300.0,4745865.944166564,8748000.0,4970520.0,3820326.3098327084,2.0,1.5,1.0,2022000.0,1024780.0,951415.8216048334,0.18774373259052926,0.1584958217270195,3633080.0000000005,2910671.9999999986,0.5999999999999999,0
350000.0,155000.0,139104.27743243557,386000.0,191525.0,138671.44322702734,1.0,1.0,0.0,-36000.0,-36525.0,89127.824873418,-0.10285714285714286,-1.534766009852217,63000.0,101889.99999999999,0.0,2
50000.0,312500.0,278013.7886268713,686000.0,604600.0,93992.62382407108,2.0,2.0,0.0,-636000.0,-292100.0,307028.1420326156,-12.72,-4.299,-124999.99999999999,65119.999999999985,0.0,3
0.0,125000.0,250000.0,0.0,0.0,0.0,1.0,2.0,1.1547005383792515,0.0,125000.0,250000.0,1.0,1.0,-150000.0,0.0,-0.7999999999999998,0
11819500.0,12962212.5,3582898.820874656,9485600.0,10831050.0,2190017.662851147,12.0,10.75,2.5,2333900.0,2131162.5,1559818.7853802121,0.1974618215660561,0.146834560925986,1235024.9999999998,440484.0,1.4999999999999996,1
6240000.0,3300000.0,2123016.721554496,988000.0,779750.0,152254.9944446268,3.0,3.0,0.0,5252000.0,2520250.0,1996802.840375918,0.8416666666666667,0.6896197552447553,1271999.9999999995,53499.999999999985,0.0,0
198936.3,181810.925,39982.749306117425,112500.0,58593.75,46166.52094591924,0.0,2.0,4.0,86436.29999999999,123217.175,26851.90737314267,0.434492347550447,0.7078324255004131,1232.4299999999946,19687.5,-2.3999999999999995,0
3000000.0,2250000.0,645497.2243679028,1235000.0,979750.0,198062.9108810296,1.0,1.0,0.0,1765000.0,1270250.0,462668.6179113513,0.5883333333333334,0.5532416666666666,499999.9999999998,145099.99999999997,0.0,0
3110400.0,4233600.0,1202263.465302011,2692500.0,3618500.0,990107.3174156426,1.0,1.0,0.0,417900.0,615100.0,212375.94025689445,0.13435570987654322,0.14346848476080246,-910079.9999999999,-749599.9999999998,0.0,0
3200000.0,3050000.0,100000.0,2672000.0,2722000.0,100000.0,1.0,1.0,0.0,528000.0,328000.0,163299.3161855452,0.165,0.10658333333333334,60000.0,-59999.999999999985,0.0,0
2838000.0,1825500.0,773300.071123752,1323000.0,668490.0,439295.7641498493,1.0,0.5,0.5773502691896257,1515000.0,1157010.0,416130.6145911401,0.5338266384778013,0.6464320408830668,493799.9999999998,256283.99999999997,2.482534153247273e-17,0
50000.0,50000.0,0.0,520000.0,520000.0,0.0,3.0,3.0,0.0,-470000.0,-470000.0,0.0,-9.4,-9.4,0.0,0.0,0.0,4
100000.0,77500.0,45000.0,4500000.0,4425000.0,50000.0,5.0,4.25,0.5,-4400000.0,-4347500.0,55000.0,-44.0,-142.25,-8999.999999999998,30000.0,0.29999999999999993,4
700000.0,450000.0,264575.13110645907,236400.0,288225.0,194517.01510836184,1.0,1.0,0.0,463600.0,161775.0,201709.8638308664,0.6622857142857143,0.34557142857142853,199999.99999999997,72370.00000000001,0.0,0
58570000.0,53495000.0,4652529.777801893,49690000.0,45010625.0,3865039.3567422656,3.0,3.0,0.0,8880000.0,8484375.0,970302.8200000245,0.1516134539866826,0.15847918378716877,2650000.0,2390050.0,0.0,0
185000.0,168923.25,118280.74282489944,120000.0,4831875.0,9481479.56215168,0.0,0.5,0.5773502691896257,65000.0,-4662951.75,9448662.11616085,0.35135135135135137,-28.5392881119139,-37167.85999999999,-5695500.000000001,-0.3999999999999999,1
1745000.0,1298750.0,412520.20152553334,17972400.0,12505800.0,5859536.104505202,1.0,1.0,0.0,-16227400.0,-11207050.0,5451487.712236603,-9.299369627507163,-8.135608340942724,308499.9999999999,4217040.0,0.0,4
0.0,1462500.0,1689859.4616121189,0.0,1107000.0,1281291.5359121046,0.0,0.5,0.5773502691896257,0.0,355500.0,436844.3658787418,0.18526315789473685,0.24163157894736842,-1184999.9999999998,-863999.9999999998,-0.3999999999999999,0
400000.0,400000.0,0.0,568000.0,598000.0,60000.0,1.0,1.0,0.0,-168000.0,-198000.0,60000.0,-0.42,-0.49499999999999994,0.0,-35999.99999999999,0.0,4
1745000.0,1298750.0,412520.20152553334,17972400.0,12505800.0,5859536.104505202,2.0,2.0,0.0,-16227400.0,-11207050.0,5451487.712236603,-9.299369627507163,-8.135608340942724,308499.9999999999,4217040.0,0.0,4
2838000.0,1825500.0,773300.071123752,1323000.0,668490.0,439295.7641498493,2.0,2.0,0.0,1515000.0,1157010.0,416130.6145911401,0.5338266384778013,0.6464320408830668,493799.9999999998,256283.99999999997,0.0,0
420000.0,105000.0,210000.0,223000.0,305750.0,474621.5158769494,1.0,0.25,0.5,197000.0,-200750.0,540865.5871224692,0.46904761904761905,0.46904761904761905,125999.99999999997,-233100.00000000003,0.29999999999999993,1
0.0,762500.0,1525000.0,0.0,494250.0,988500.0,1.0,1.0,0.0,0.0,268250.0,536500.0,0.35180327868852457,0.35180327868852457,-914999.9999999997,-593099.9999999999,0.0,0
360000.0,180000.0,207846.0969082653,217200.0,149400.0,78288.69650211325,3.0,3.0,0.0,142800.0,30600.0,129557.40040615202,0.39666666666666667,0.39666666666666667,144000.0,54239.99999999998,0.0,2
50000.0,50000.0,0.0,104000.0,104000.0,0.0,4.0,1.75,2.0615528128088303,-54000.0,-54000.0,0.0,-1.08,-1.08,0.0,0.0,0.2999999999999998,4
0.0,0.0,0.0,120000.0,101500.0,25066.57801402763,1.0,2.0,1.1547005383792515,-120000.0,-101500.0,25066.57801402763,,,0.0,15999.999999999995,-0.7999999999999998,4
141500.0,670687.5,476849.2675451367,1130000.0,790750.0,342085.15021848,1.0,1.0,0.0,-988500.0,-120062.5,582502.9461656539,-6.985865724381625,-1.5964664310954064,-71175.0,248099.9999999999,0.0,1
0.0,1512500.0,3025000.0,0.0,1490000.0,2980000.0,2.0,3.0,1.1547005383792515,0.0,22500.0,45000.0,0.01487603305785124,0.01487603305785124,-1814999.9999999998,-1788000.0,-0.7999999999999998,0
666000.0,547500.0,91569.64562561111,366000.0,342750.0,36782.015532956684,5.0,5.0,0.0,300000.0,204750.0,78082.75524510305,0.45045045045045046,0.3655832940651341,64199.999999999985,24100.0,0.0,0
6540000.0,4275000.0,1746014.5092944293,9540000.0,4495000.0,3560313.656594505,7.0,3.25,2.5,-3000000.0,-220000.0,1979040.171396225,-0.45871559633027525,0.04532110091743119,1328000.0,2534000.0,1.4999999999999996,1
326600.0,81650.0,163300.0,209600.0,52400.0,104800.0,1.0,1.0,0.0,117000.0,29250.0,58500.0,0.3582363747703613,0.3582363747703613,97979.99999999997,62879.99999999998,0.0,0
0.0,1512500.0,3025000.0,0.0,1490000.0,2980000.0,0.0,0.25,0.5,0.0,22500.0,45000.0,0.01487603305785124,0.01487603305785124,-1814999.9999999998,-1788000.0,-0.29999999999999993,0
2550000.0,2188750.0,266657.55192756123,2056000.0,1735125.0,275747.582340565,5.0,3.75,0.9574271077563381,494000.0,453625.0,68805.73498384177,0.19372549019607843,0.2096301808212289,194500.0,209349.99999999997,0.6999999999999997,0
0.0,75000.0,150000.0,183750.0,183750.0,122474.48713915891,0.0,2.25,1.5,-183750.0,-108750.0,193649.16731037083,0.3875,0.3875,-90000.0,30000.0,-0.8999999999999999,3
29600000.0,26170000.0,3611592.4465531823,25735600.0,22655200.0,3236845.8350684545,0.0,0.0,0.0,3864400.0,3514800.0,393022.84920854156,0.13055405405405404,0.13479072240501427,2515999.999999999,2285159.9999999995,0.0,0
0.0,864000.0,1728000.0,0.0,15187.5,14392.380796796617,7.0,13.25,8.958236433584458,0.0,848812.5,1732179.8811396582,0.9973958333333334,0.9973958333333334,345600.00000000006,-7874.999999999998,-6.299999999999998,2
0.0,1512500.0,3025000.0,0.0,1490000.0,2980000.0,2.0,2.0,0.0,0.0,22500.0,45000.0,0.01487603305785124,0.01487603305785124,-1814999.9999999998,-1788000.0,0.0,0
12000000.0,10000000.0,1414213.562373095,33365000.0,11011750.0,14914673.387305535,8.0,8.0,0.0,-21365000.0,-1011750.0,13593288.13238357,-1.7804166666666668,0.017776388888888828,999999.9999999999,8761700.0,0.0,1
35000.0,35000.0,0.0,106250.0,79687.5,30777.680630612827,0.0,2.75,1.8929694486000912,-71250.0,-44687.5,30777.680630612827,-2.0357142857142856,-1.2767857142857142,0.0,625.0000000000009,-0.8999999999999999,4
6465000.0,4186825.0,2860672.77445359,5172000.0,3349460.0,2288538.219562872,1.0,1.0,0.0,1293000.0,837365.0,572134.554890718,0.2,0.20000000000000004,1953129.9999999998,1562504.0,0.0,0
0.0,2156250.0,2566480.648021073,3773000.0,1699500.0,1986030.6308480408,4.0,3.25,0.5,-3773000.0,456750.0,4505914.511321018,1.0,1.0,-1572499.9999999998,1434399.9999999998,0.29999999999999993,2
5000000.0,3375000.0,1250000.0,1675900.0,1491075.0,592454.3829134301,1.0,1.5,1.0,3324100.0,1883925.0,1001753.7268044809,0.66482,0.5493752380952381,349999.99999999994,-198590.0,-0.5999999999999999,0
3500000.0,2155000.0,1493128.7062183667,2365000.0,1429000.0,897095.6842314351,3.0,2.5,0.5773502691896257,1135000.0,726000.0,716882.6031273647,0.3242857142857143,-0.4172619047619047,737999.9999999998,595399.9999999998,0.3999999999999999,1
0.0,0.0,0.0,0.0,24500.0,49000.0,0.0,0.75,0.5,0.0,-24500.0,49000.0,,,0.0,9800.0,-0.29999999999999993,1
0.0,0.0,0.0,33750.0,2551125.0,5057275.025890919,0.0,1.5,1.0,-33750.0,-2551125.0,5057275.025890919,,,0.0,-3034349.9999999995,-0.5999999999999999,3
17520000.0,12202500.0,3987753.1267619864,14820000.0,9603500.0,3617930.2093876824,1.0,1.0,0.0,2700000.0,2599000.0,895574.6758366943,0.1541095890410959,0.217476802280206,2999999.9999999995,2522799.999999999,0.0,0
0.0,2500000.0,5000000.0,50000.0,37500.0,47871.355387816904,0.0,0.75,0.5,-50000.0,2462500.0,5025165.834742837,1.0,1.0,-999999.9999999999,-15000.000000000002,-0.29999999999999993,2
2850000.0,2902500.0,91787.7987534291,1483000.0,1435250.0,151484.59767690356,2.0,2.5,0.5773502691896257,1367000.0,1467250.0,97164.37961859617,0.47964912280701755,0.5061287236547745,-57000.0,-31299.999999999993,-0.3999999999999999,0
29600000.0,26170000.0,3611592.4465531823,25735600.0,22655200.0,3236845.8350684545,3.0,2.25,0.5,3864400.0,3514800.0,393022.84920854156,0.13055405405405404,0.13479072240501427,2515999.999999999,2285159.9999999995,0.29999999999999993,0
120000.0,60000.0,69282.03230275509,1731700.0,866550.0,1000606.4044701426,1.0,1.0,0.0,-1611700.0,-806550.0,931324.4207399839,-13.430833333333334,-13.4425,47999.999999999985,692959.9999999999,0.0,2
0.0,0.0,0.0,0.0,20000.0,40000.0,0.0,0.5,0.5773502691896257,0.0,-20000.0,40000.0,,,0.0,-7999.999999999998,-0.3999999999999999,1
0.0,2156250.0,2566480.648021073,3773000.0,1699500.0,1986030.6308480408,1.0,1.0,0.0,-3773000.0,456750.0,4505914.511321018,1.0,1.0,-1572499.9999999998,1434399.9999999998,0.0,2
3500000.0,2750000.0,645497.2243679028,2000000.0,1461250.0,476871.3138782831,3.0,3.0,0.0,1500000.0,1288750.0,172934.23605521262,0.42857142857142855,0.4777261904761905,199999.99999999997,126500.0,0.0,0
2500000.0,2037500.0,314576.4348029479,1819000.0,1448500.0,260391.3721048888,2.0,2.0,0.0,681000.0,589000.0,107293.98864801327,0.2724,0.2901934547908232,204999.99999999994,184999.99999999997,0.0,0
1400000.0,1025000.0,262995.5639676583,200600.0,170525.0,20619.953928173556,2.0,2.0,0.0,1199400.0,854475.0,243981.24757174816,0.8567142857142858,0.829309126984127,190000.0,12149.999999999998,0.0,0
6900000.0,6525000.0,287228.1323269014,6076000.0,5597000.0,403706.9894531594,7.0,8.75,2.6299556396765835,824000.0,928000.0,158574.90343683012,0.11942028985507247,0.14291586650843313,90000.0,130599.99999999999,-1.6999999999999997,0
0.0,0.0,0.0,840000.0,720750.0,88481.16560413672,1.0,1.0,0.0,-840000.0,-720750.0,88481.16560413672,,,0.0,37299.99999999999,0.0,4
100000.0,100000.0,0.0,1560000.0,1467500.0,147732.86702694156,1.0,1.25,0.5,-1460000.0,-1367500.0,147732.86702694156,-14.6,-13.675,0.0,-25000.00000000001,-0.29999999999999993,4
0.0,3681562.5,4765215.2556093065,78750.0,2550937.5,5049511.463065016,0.0,2.75,3.4034296427770228,-78750.0,1130625.0,6430123.160108728,1.0,-0.07114519968262367,-417874.9999999999,-3013874.999999999,-2.499999999999999,2
0.0,150000.0,100000.0,0.0,390000.0,260000.0,0.0,0.75,0.5,0.0,-240000.0,160000.0,-1.6,-1.6000000000000003,-60000.0,-155999.99999999997,-0.29999999999999993,3
3400000.0,2772500.0,1593222.625163644,2004200.0,1981425.0,81764.7591162191,2.0,3.0,1.1547005383792515,1395800.0,791075.0,1619692.9675610333,0.41052941176470586,-0.7056241583778349,-390999.9999999999,2349.9999999999986,-0.7999999999999998,1
32397900.0,27326382.5,3483364.3262782125,26583220.0,23979535.0,2007601.3152931202,1.0,4.75,2.5,5814680.0,3346847.5,1939566.899078503,0.1794770648714886,0.11836654161807658,2025415.4,1494310.0,-1.4999999999999996,0
28086800.0,24375650.0,3473550.392609844,23019000.0,20216250.0,2760476.5741927004,4.0,4.0,0.0,5067800.0,4159400.0,729173.4681587549,0.18043351325177664,0.17011465549313437,2663219.9999999986,2103499.9999999995,0.0,0
0.0,0.0,0.0,551000.0,436000.0,105811.15253129038,2.0,2.0,0.0,-551000.0,-436000.0,105811.15253129038,,,0.0,81600.0,0.0,4
58570000.0,53495000.0,4652529.777801893,49690000.0,45010625.0,3865039.3567422656,2.0,2.0,0.0,8880000.0,8484375.0,970302.8200000245,0.1516134539866826,0.15847918378716877,2650000.0,2390050.0,0.0,0
5330000.0,4745000.0,473039.81509664346,3885000.0,3151500.0,504156.39107985795,4.0,4.0,0.0,1445000.0,1593500.0,184536.35594827018,0.27110694183864914,0.33806525086582473,363999.99999999994,347599.99999999994,0.0,0
0.0,1181562.5,2363125.0,0.0,945250.0,1890500.0,0.0,0.75,1.5,0.0,236312.5,472625.0,0.2,0.2,-1417874.9999999998,-1134300.0,-0.8999999999999999,0
0.0,530000.0,388437.0390852723,0.0,379725.0,281234.7225480287,0.0,1.75,1.2583057392117916,0.0,150275.0,131983.46803040648,0.14290076335877863,0.28280042128642635,-189000.0,-106910.0,-0.8999999999999997,0
4290000.0,3552500.0,598908.7298300691,3038000.0,2268750.0,587709.3244113113,3.0,3.0,0.0,1252000.0,1283750.0,58869.20530577369,0.29184149184149183,0.36827779824670903,443000.0,432099.99999999994,0.0,0
0.0,0.0,0.0,60000.0,22500.0,28722.813232690143,1.0,1.0,0.0,-60000.0,-22500.0,28722.813232690143,,,0.0,8999.999999999998,0.0,2
2300000.0,2363750.0,43851.07372307623,1415000.0,1420000.0,5773.502691896258,3.0,3.0,0.0,885000.0,943750.0,40078.04885470349,0.3847826086956522,0.39912590980328055,-20500.0,-4.067383956680332e-13,0.0,0
700000.0,450000.0,238047.61428476166,355500.0,197825.0,158281.12911314896,8.0,8.0,0.0,344500.0,252175.0,108333.97051094669,0.49214285714285716,0.5940773809523809,39999.999999999985,6869.999999999993,0.0,0
780000.0,702375.0,71029.77661985617,588000.0,528175.0,58670.02514061162,1.0,1.0,0.0,192000.0,174200.0,14126.724673469076,0.24615384615384617,0.2485901653847777,54550.00000000001,44978.99999999999,0.0,0
20000.0,15250.0,4112.987559751022,287000.0,164750.0,86330.2766511649,1.0,0.75,0.5,-267000.0,-149500.0,83866.95813409872,-13.35,-9.866666666666667,3099.999999999999,37699.99999999999,0.29999999999999993,4
197280.0,161005.0,50729.74883964372,871734.0,725259.75,227556.2321821063,5.0,5.0,0.0,-674454.0,-564254.75,177147.3669545124,-3.418765206812652,-3.508112830621518,-4899.600000000001,-34808.3,0.0,4
3000000.0,2250000.0,714142.842854285,2284000.0,1707125.0,591258.5975414368,1.0,1.0,0.0,716000.0,542875.0,226796.66921422514,0.23866666666666667,0.24639814814814814,539999.9999999999,449449.99999999994,0.0,0
1000000.0,274000.0,486111.09841269825,186000.0,198000.0,16248.07680927192,6.0,6.0,0.0,814000.0,76000.0,492982.75831919315,0.814,-0.24925000000000003,309600.0,1199.9999999999998,0.0,3
588000.0,447000.0,108388.19123871383,498000.0,384900.0,91301.91673782101,2.0,2.0,0.0,90000.0,62100.0,24560.9446072418,0.15306122448979592,0.13802756838471125,54000.0,50520.0,0.0,0
2000000.0,1075000.0,788986.691902975,1790000.0,985250.0,693300.0192316936,4.0,3.0,2.0,210000.0,89750.0,160462.6124678269,0.105,0.10267857142857142,609999.9999999999,533500.0,1.1999999999999997,1
29600000.0,26170000.0,3611592.4465531823,25735600.0,22655200.0,3236845.8350684545,4.0,3.5,1.2909944487358056,3864400.0,3514800.0,393022.84920854156,0.13055405405405404,0.13479072240501427,2515999.999999999,2285159.9999999995,-0.3999999999999999,0
0.0,1462500.0,1689859.4616121189,0.0,1107000.0,1281291.5359121046,1.0,0.75,0.5,0.0,355500.0,436844.3658787418,0.18526315789473685,0.24163157894736842,-1184999.9999999998,-863999.9999999998,0.09999999999999998,0
0.0,6000.0,12000.0,0.0,4475.0,8950.0,0.0,0.25,0.5,0.0,1525.0,3050.0,0.25416666666666665,0.25416666666666665,-7200.000000000001,-5369.999999999999,-0.29999999999999993,0
0.0,0.0,0.0,44000.0,11000.0,22000.0,0.0,0.25,0.5,-44000.0,-11000.0,22000.0,,,0.0,13199.999999999996,-0.29999999999999993,1
17520000.0,12202500.0,3987753.1267619864,14820000.0,9603500.0,3617930.2093876824,3.0,2.25,0.9574271077563381,2700000.0,2599000.0,895574.6758366943,0.1541095890410959,0.217476802280206,2999999.9999999995,2522799.999999999,0.7,0
1990000.0,1397500.0,859442.6488525379,1395000.0,1246750.0,245456.54741046665,1.0,1.0,0.0,595000.0,150750.0,616445.9289616027,0.2989949748743719,-1.1989202707950308,587000.0,157299.99999999997,0.0,1
25000000.0,17037500.0,7278206.624345496,25357622.0,12279550.25,9066546.94178963,1.0,1.0,0.0,-357622.0,4757949.75,5239205.5510361735,-0.01430488,0.3149499757402812,2154999.9999999995,5789744.5,0.0,1
302000.0,175250.0,206199.53928173555,33750.0,33750.0,27556.759606310752,0.0,0.5,0.5773502691896257,268250.0,141500.0,208032.74982559838,0.8882450331125827,0.9018292834735846,-29099.999999999993,6749.999999999999,-0.3999999999999999,1
0.0,243591.0,487182.0,367500.0,275625.0,185375.4635867433,1.0,1.0,0.0,-367500.0,-32034.0,671378.9903057736,1.0,1.0,-292309.1999999999,104250.0,0.0,3
29600000.0,26170000.0,3611592.4465531823,25735600.0,22655200.0,3236845.8350684545,1.0,1.0,0.0,3864400.0,3514800.0,393022.84920854156,0.13055405405405404,0.13479072240501427,2515999.999999999,2285159.9999999995,0.0,0
0.0,36000.0,72000.0,5850.0,40571.875,53564.93175635063,0.0,6.5,7.505553499465135,-5850.0,-4571.875,27750.71015420146,0.19140625,0.19140625,14399.999999999995,1398.75,-5.199999999999999,2
0.0,0.0,0.0,840000.0,720750.0,88481.16560413672,0.0,0.0,0.0,-840000.0,-720750.0,88481.16560413672,,,0.0,37299.99999999999,0.0,4
58570000.0,53495000.0,4652529.777801893,49690000.0,45010625.0,3865039.3567422656,4.0,5.5,2.3804761428476167,8880000.0,8484375.0,970302.8200000245,0.1516134539866826,0.15847918378716877,2650000.0,2390050.0,-1.5999999999999996,0
200000.0,520000.0,369504.1722813605,71000.0,555375.0,560132.6293834345,1.0,3.25,2.6299556396765835,129000.0,-35375.0,191664.36592822013,0.645,0.20407738095238093,-255999.99999999994,-381649.9999999999,-1.8999999999999995,2
0.0,10882500.0,19482861.4855895,0.0,1057500.0,1221430.1726528073,1.0,1.0,0.0,0.0,9825000.0,18741293.9788052,0.948,0.6694674220963173,-5059000.0,-852999.9999999999,0.0,0
2838000.0,1825500.0,773300.071123752,1323000.0,668490.0,439295.7641498493,2.0,2.0,0.0,1515000.0,1157010.0,416130.6145911401,0.5338266384778013,0.6464320408830668,493799.9999999998,256283.99999999997,0.0,0
50000.0,50000.0,0.0,640000.0,640000.0,0.0,3.0,3.0,0.0,-590000.0,-590000.0,0.0,-11.8,-11.8,0.0,0.0,0.0,4
0.0,375000.0,750000.0,0.0,177500.0,355000.0,0.0,1.0,2.0,0.0,197500.0,395000.0,0.5266666666666666,0.5266666666666666,-449999.9999999999,-212999.99999999997,-1.1999999999999997,0
0.0,0.0,0.0,840000.0,720750.0,88481.16560413672,6.0,4.0,2.449489742783178,-840000.0,-720750.0,88481.16560413672,,,0.0,37299.99999999999,0.19999999999999996,4
40000.0,45000.0,5773.502691896258,740000.0,702500.0,25000.0,5.0,4.25,0.5,-700000.0,-657500.0,28722.813232690143,-17.5,-14.8375,-3999.999999999999,15000.0,0.29999999999999993,4
540000.0,255000.0,295465.7340538831,182000.0,164000.0,12328.828005937952,2.0,2.0,0.0,358000.0,91000.0,289019.03051529324,0.662962962962963,0.6689814814814815,209999.99999999997,7199.999999999999,0.0,2
0.0,163750.0,327500.0,45000.0,33250.0,17168.284713389396,0.0,0.5,0.5773502691896257,-45000.0,130500.0,339882.57776277186,0.9770992366412213,0.9770992366412213,65499.99999999998,3199.999999999999,-0.3999999999999999,3
1960000.0,1256933.25,868197.1196041349,1176000.0,729460.0,517869.5161267299,2.0,1.0,1.1547005383792515,784000.0,527473.25,356250.6757826339,0.4,0.4235012271449208,613973.2999999999,378503.99999999994,0.7999999999999998,0
0.0,29437.5,58875.0,0.0,28500.0,57000.0,0.0,0.25,0.5,0.0,937.5,1875.0,0.03184713375796178,0.03184713375796178,-35324.99999999999,-34199.99999999999,-0.29999999999999993,0
50000.0,50000.0,0.0,204000.0,216500.0,25000.0,1.0,0.5,0.5773502691896257,-154000.0,-166500.0,25000.0,-3.08,-3.33,0.0,-14999.999999999996,2.482534153247273e-17,4
1320000.0,1054375.0,306229.59115670057,1188000.0,876500.0,288223.8713222761,2.0,2.0,0.0,132000.0,177875.0,58583.80748978339,0.1,0.17500000000000002,228249.99999999994,222199.9999999999,0.0,0
312000.0,238500.0,66880.49042882386,195300.0,161925.0,33706.218516271845,2.0,2.0,0.0,116700.0,76575.0,35493.79053674976,0.37403846153846154,0.3077407661782662,26999.999999999993,16270.0,0.0,0
383040.0,664860.0,206980.61358494422,273600.0,474900.0,147843.2954178173,2.0,2.0,0.0,109440.0,189960.0,59137.31816712692,0.2857142857142857,0.2857142857142857,-153047.99999999997,-109319.99999999999,0.0,0
120000.0,68750.0,52021.630116712025,110500.0,61425.0,46469.15643736176,3.0,2.75,0.5,9500.0,7325.0,7519.917996006782,0.07916666666666666,0.1017982456140351,39499.99999999999,35250.0,0.29999999999999993,0
17520000.0,12202500.0,3987753.1267619864,14820000.0,9603500.0,3617930.2093876824,5.0,4.75,0.5,2700000.0,2599000.0,895574.6758366943,0.1541095890410959,0.217476802280206,2999999.9999999995,2522799.999999999,0.29999999999999993,0
410000.0,310000.0,78740.07874011812,1182600.0,735775.0,310274.93587676936,3.0,2.25,0.5,-772600.0,-425775.0,237052.46079015222,-1.884390243902439,-1.3180607271198101,59999.999999999985,220230.0,0.29999999999999993,4
2838000.0,1825500.0,773300.071123752,1323000.0,668490.0,439295.7641498493,3.0,3.0,0.0,1515000.0,1157010.0,416130.6145911401,0.5338266384778013,0.6464320408830668,493799.9999999998,256283.99999999997,0.0,0
0.0,105000.0,210000.0,75350.0,85087.5,64886.033101636494,0.0,1.0,1.1547005383792515,-75350.0,19912.5,171565.4315171523,0.6369047619047619,0.6369047619047619,-41999.99999999999,-26394.999999999996,-0.7999999999999998,2
974364.0,247591.0,484574.0367828223,20000.0,44375.0,31316.59570685592,0.0,1.0,1.1547005383792515,954364.0,203216.0,501164.78456757776,0.9794737900825564,-1.7446381049587218,287509.19999999995,-17749.999999999993,-0.7999999999999998,3
0.0,1512500.0,3025000.0,0.0,1490000.0,2980000.0,1.0,1.0,0.0,0.0,22500.0,45000.0,0.01487603305785124,0.01487603305785124,-1814999.9999999998,-1788000.0,0.0,0
0.0,25000.0,50000.0,0.0,4871250.0,9662665.58719694,0.0,1.5,1.0,0.0,-4846250.0,9612666.448493883,-192.65,-192.65,-29999.999999999993,-5821500.0,-0.5999999999999999,2
960000.0,840000.0,138564.06460551018,501400.0,406350.0,109754.31654381526,1.0,1.0,0.0,458600.0,433650.0,28809.894133786747,0.47770833333333335,0.5226736111111111,95999.99999999997,76019.99999999999,0.0,0
400000.0,525000.0,150000.0,797000.0,583750.0,180150.63141715602,1.0,1.25,0.5,-397000.0,-58750.0,226872.02706959416,-0.9925,-0.1787797619047619,-29999.999999999993,111699.99999999997,-0.29999999999999993,1
1500000.0,801250.0,607596.0143604191,1329500.0,719837.5,553143.365043518,1.0,1.0,0.0,170500.0,81412.5,70917.49167166025,0.11366666666666667,0.1319174533799534,468500.0,427394.9999999998,0.0,0
50000.0,50000.0,0.0,530000.0,462500.0,45000.0,2.0,2.0,0.0,-480000.0,-412500.0,45000.0,-9.6,-8.25,0.0,26999.999999999993,0.0,4
0.0,75000.0,150000.0,85000.0,2607500.0,5038869.747605442,0.0,0.0,0.0,-85000.0,-2532500.0,4888886.205807344,-32.88333333333333,-32.88333333333333,-90000.0,-3042000.0,0.0,3
100000.0,100000.0,0.0,780000.0,780000.0,0.0,2.0,1.5,1.9148542155126762,-680000.0,-680000.0,0.0,-6.8,-6.8,0.0,0.0,-0.5999999999999999,4
0.0,1462500.0,1689859.4616121189,0.0,1107000.0,1281291.5359121046,2.0,2.0,0.0,0.0,355500.0,436844.3658787418,0.18526315789473685,0.24163157894736842,-1184999.9999999998,-863999.9999999998,0.0,0
0.0,0.0,0.0,480000.0,425000.0,63508.52961085884,3.0,2.5,0.5773502691896257,-480000.0,-425000.0,63508.52961085884,,,0.0,0.0,2.482534153247273e-17,4
0.0,762500.0,1525000.0,0.0,494250.0,988500.0,8.0,13.5,5.259911279353167,0.0,268250.0,536500.0,0.35180327868852457,0.35180327868852457,-914999.9999999997,-593099.9999999999,-3.799999999999999,0
0.0,762500.0,1525000.0,0.0,494250.0,988500.0,4.0,6.5,2.886751345948129,0.0,268250.0,536500.0,0.35180327868852457,0.35180327868852457,-914999.9999999997,-593099.9999999999,-1.9999999999999996,0
0.0,0.0,0.0,560000.0,561250.0,1443.3756729740644,3.0,3.0,0.0,-560000.0,-561250.0,1443.3756729740644,,,0.0,-999.9999999999998,0.0,4
0.0,2156250.0,2566480.648021073,3773000.0,1699500.0,1986030.6308480408,6.0,5.75,1.2583057392117916,-3773000.0,456750.0,4505914.511321018,1.0,1.0,-1572499.9999999998,1434399.9999999998,-0.5,2
2712000.0,17746500.0,10152127.051345775,23743780.0,22345320.0,997711.9371842756,2.0,1.0,1.1547005383792515,-21031780.0,-4598820.0,11069331.124760881,-7.755081120943953,-1.9134077003405057,-6200600.0,717483.9999999998,0.7999999999999998,2
0.0,0.0,0.0,150900.0,109850.0,30816.499909410002,2.0,2.0,0.0,-150900.0,-109850.0,30816.499909410002,,,0.0,23320.0,0.0,4
0.0,276000.0,318697.3485926734,0.0,504000.0,581969.0713431428,0.0,1.5,1.7320508075688772,0.0,-228000.0,263271.72275046934,-0.8260869565217391,-0.8260869565217391,-220800.0,-403199.99999999994,-1.1999999999999997,2
0.0,1512500.0,3025000.0,0.0,1490000.0,2980000.0,1.0,1.25,1.8929694486000912,0.0,22500.0,45000.0,0.01487603305785124,0.01487603305785124,-1814999.9999999998,-1788000.0,-0.8999999999999999,0
12000000.0,9750000.0,1707825.127659933,8187000.0,7821400.0,743822.5415603734,9.0,9.0,0.0,3813000.0,1928600.0,1265097.614152099,0.31775,0.1878423611111111,1299999.9999999998,487719.99999999994,0.0,0
0.0,0.0,0.0,120000.0,101500.0,25066.57801402763,2.0,3.5,1.9148542155126762,-120000.0,-101500.0,25066.57801402763,,,0.0,15999.999999999995,-1.4,4
1000000.0,250000.0,500000.0,627000.0,209750.0,295574.44070825883,3.0,1.0,1.4142135623730951,373000.0,40250.0,243305.53494183673,0.373,0.373,300000.0,209299.99999999997,0.9999999999999998,1
2825000.0,968750.0,1332818.9111803598,203750.0,146937.5,184161.23200880256,1.0,1.0,0.0,2621250.0,821812.5,1343649.3159954348,0.9278761061946903,0.9634023388116308,742499.9999999999,99300.0,0.0,1
0.0,0.0,0.0,551000.0,436000.0,105811.15253129038,2.0,2.0,0.0,-551000.0,-436000.0,105811.15253129038,,,0.0,81600.0,0.0,4
7627000.0,5005750.0,1804918.9039954122,5213700.0,4063550.0,904885.7257503108,11.0,9.25,1.2583057392117916,2413300.0,942200.0,996532.4513866403,0.31641536646125606,0.16173439728734407,1268099.9999999995,666759.9999999998,0.8999999999999997,0
1745000.0,1298750.0,412520.20152553334,17972400.0,12505800.0,5859536.104505202,1.0,1.0,0.0,-16227400.0,-11207050.0,5451487.712236603,-9.299369627507163,-8.135608340942724,308499.9999999999,4217040.0,0.0,4
20000.0,15250.0,4112.987559751022,287000.0,164750.0,86330.2766511649,5.0,5.75,0.5,-267000.0,-149500.0,83866.95813409872,-13.35,-9.866666666666667,3099.999999999999,37699.99999999999,-0.29999999999999993,4
0.0,0.0,0.0,0.0,0.0,0.0,1.0,1.0,0.0,0.0,0.0,0.0,,,0.0,0.0,0.0,0
1200000.0,650000.0,500000.0,1058000.0,827000.0,552237.8714527524,2.0,2.0,0.0,142000.0,-177000.0,303150.1278244824,0.11833333333333333,-0.38749999999999996,99999.99999999997,-132400.0,0.0,2
0.0,762500.0,1525000.0,0.0,494250.0,988500.0,1.0,1.0,0.0,0.0,268250.0,536500.0,0.35180327868852457,0.35180327868852457,-914999.9999999997,-593099.9999999999,0.0,0
2000000.0,950000.0,1100000.0,1636000.0,1351500.0,313680.8356700592,4.0,4.0,0.0,364000.0,-401500.0,786678.0366409967,0.182,0.14377777777777778,779999.9999999999,219799.99999999994,0.0,2
100000.0,100000.0,0.0,1200000.0,1175000.0,50000.0,4.0,3.75,0.5,-1100000.0,-1075000.0,50000.0,-11.0,-10.75,0.0,-9999.999999999995,-0.09999999999999998,4
1150000.0,996375.0,106946.54038350188,771400.0,574462.5,132715.33053243445,3.0,3.0,0.0,378600.0,421912.5,31065.26396153749,0.32921739130434785,0.428624058409089,76450.0,88165.00000000001,0.0,0
3800000.0,3668750.0,458882.2470598167,2440500.0,2989900.0,519347.0002480679,1.0,1.75,0.5,1359500.0,678850.0,504969.5271334037,0.35776315789473684,0.1814723963077104,272500.00000000006,-55960.0,-0.29999999999999993,0
1000000.0,274000.0,486111.09841269825,186000.0,198000.0,16248.07680927192,1.0,1.0,0.0,814000.0,76000.0,492982.75831919315,0.814,-0.24925000000000003,309600.0,1199.9999999999998,0.0,3
0.0,300000.0,600000.0,337500.0,350000.0,25000.0,0.0,2.25,4.5,-337500.0,-50000.0,608789.783094296,0.71875,0.71875,119999.99999999997,-14999.999999999996,-2.6999999999999993,3
0.0,2175000.0,3594787.893603738,243000.0,416062.5,399103.07644141256,1.0,1.0,0.0,-243000.0,1758937.5,3802524.9197901385,0.8,0.88875,-2130000.0,-54975.00000000001,0.0,2
0.0,1512500.0,3025000.0,0.0,1490000.0,2980000.0,1.0,0.25,0.5,0.0,22500.0,45000.0,0.01487603305785124,0.01487603305785124,-1814999.9999999998,-1788000.0,0.29999999999999993,0
350000.0,280000.0,49665.5480858378,162000.0,123300.0,29829.962565626305,2.0,2.0,0.0,188000.0,156700.0,22101.88528911806,0.5371428571428571,0.5628964285714286,36000.0,22719.999999999996,0.0,0
500000.0,465500.0,30347.981810987036,389900.0,295975.0,172260.66246631392,2.0,2.0,0.0,110100.0,169525.0,148511.6241241742,0.2202,0.37734166666666663,23400.0,111969.99999999994,0.0,0
499200.0,124800.0,249600.0,0.0,0.0,0.0,2.0,1.5,0.5773502691896257,499200.0,124800.0,249600.0,1.0,1.0,149759.99999999994,0.0,0.3999999999999999,0
800000.0,800000.0,0.0,742000.0,742000.0,0.0,2.0,2.0,0.0,58000.0,58000.0,0.0,0.0725,0.0725,0.0,0.0,0.0,0
2712000.0,17746500.0,10152127.051345775,23743780.0,22345320.0,997711.9371842756,16.0,15.0,0.816496580927726,-21031780.0,-4598820.0,11069331.124760881,-7.755081120943953,-1.9134077003405057,-6200600.0,717483.9999999998,0.5999999999999999,2
0.0,0.0,0.0,120000.0,101500.0,25066.57801402763,2.0,2.25,0.5,-120000.0,-101500.0,25066.57801402763,,,0.0,15999.999999999995,-0.29999999999999993,4
100000.0,100000.0,0.0,1200000.0,1175000.0,50000.0,1.0,2.0,2.0,-1100000.0,-1075000.0,50000.0,-11.0,-10.75,0.0,-9999.999999999995,-1.1999999999999997,4
24000000.0,26000000.0,20591260.281974,19600000.0,18700000.0,14289856.542317001,11.0,5.75,4.5,4400000.0,7300000.0,6567597.226789515,0.18333333333333332,0.26911111111111113,-6799999.999999998,-3719999.9999999995,0.8999999999999996,0
600000.0,415000.0,173877.351409933,383600.0,375025.0,26958.03838066363,1.0,1.0,0.0,216400.0,39975.0,152581.35261776476,0.3606666666666667,-0.04445833333333335,133999.99999999997,15829.999999999993,0.0,2
0.0,75500.0,151000.0,0.0,54750.0,109500.0,0.0,0.25,0.5,0.0,20750.0,41500.0,0.27483443708609273,0.27483443708609273,-90599.99999999999,-65699.99999999999,-0.29999999999999993,0
280000.0,248750.0,30652.623596249203,63000.0,63350.0,24419.86895951737,1.0,1.0,0.0,217000.0,185400.0,38575.6399817294,0.775,0.7430817610062893,18499.999999999996,10219.999999999998,0.0,0
3000000.0,2250000.0,822597.5119502044,2720000.0,2094500.0,432131.53861604066,2.0,3.5,2.3804761428476167,280000.0,155500.0,546508.0054308445,0.09333333333333334,-0.007499999999999989,619999.9999999998,305599.99999999994,-1.5999999999999996,1
817500.0,579375.0,193053.6950349997,654000.0,463500.0,154442.95602799975,1.0,1.0,0.0,163500.0,115875.0,38610.73900699994,0.2,0.2,145449.99999999997,116359.99999999997,0.0,0
0.0,0.0,0.0,840000.0,720750.0,88481.16560413672,1.0,0.75,0.5,-840000.0,-720750.0,88481.16560413672,,,0.0,37299.99999999999,0.29999999999999993,4
3000000.0,2562500.0,471478.1719938545,2341000.0,1954000.0,345286.3545908912,3.0,3.0,0.0,659000.0,608500.0,146108.40724156384,0.21966666666666668,0.23575389522757945,344999.9999999999,262399.99999999994,0.0,0
12080000.0,5383478.25,6308077.328279902,10872000.0,4887400.0,5714146.501447088,3.0,1.5,1.7320508075688772,1208000.0,496078.25,599319.4344356355,0.1,0.09105776095041282,4569391.3,4129359.999999999,1.1999999999999997,0
0.0,163750.0,327500.0,44125.0,42046.875,45889.51220844657,0.0,0.5,0.5773502691896257,-44125.0,121703.125,285895.27409069886,0.8392175572519084,0.8392175572519084,-65499.99999999998,4581.25,-0.3999999999999999,2
1080000.0,6707500.0,4369083.618639803,12130000.0,8666000.0,4162231.853224902,2.0,2.0,0.0,-11050000.0,-1958500.0,6211345.989397145,-10.231481481481481,-2.4246043750437876,-1201000.0,3076399.999999999,0.0,2
650000.0,355000.0,269134.41499245935,638000.0,384125.0,273444.1975370234,3.0,2.5,0.5773502691896257,12000.0,-29125.0,41473.63620422014,0.018461538461538463,-0.10463980463980461,202000.0,200149.99999999997,0.3999999999999999,2
0.0,0.0,0.0,840000.0,720750.0,88481.16560413672,1.0,1.75,0.9574271077563381,-840000.0,-720750.0,88481.16560413672,,,0.0,37299.99999999999,-0.7,4
350000.0,231250.0,157288.21740147396,178000.0,99150.0,75845.47888085793,4.0,2.0,1.4142135623730951,172000.0,132100.0,88485.1399953687,0.49142857142857144,0.5788095238095239,107500.0,57880.0,0.9999999999999998,0
0.0,3281250.0,3873702.7398429355,0.0,2041250.0,2364664.7930168314,0.0,0.5,0.5773502691896257,0.0,1240000.0,1744247.6888332115,0.22600896860986547,0.3580375968877142,-2822500.0,-1586500.0,-0.3999999999999999,0
375000.0,323250.0,35761.94439158289,209500.0,182675.0,20013.058237061123,1.0,1.0,0.0,165500.0,140575.0,16631.972222199027,0.44133333333333336,0.4347875798833009,16099.999999999996,6370.0,0.0,0
590000.0,513000.0,69036.22237637283,372500.0,317375.0,54806.28765631428,2.0,2.0,0.0,217500.0,195625.0,15960.237049200323,0.3686440677966102,0.38382645757184275,53400.00000000001,41950.0,0.0,0
0.0,1156250.0,1399162.6960436017,0.0,950000.0,1149318.6387305015,0.0,1.25,1.5,0.0,206250.0,249845.78576927542,0.17777777777777778,0.17826941986234024,-1027499.9999999998,-843999.9999999999,-1.0999999999999996,0
730000.0,590000.0,102306.72835481871,279000.0,217375.0,104880.38822074093,1.0,1.0,0.0,451000.0,372625.0,93843.28692026937,0.6178082191780822,0.6376973378133884,41999.99999999999,31949.999999999996,0.0,0
50000.0,50000.0,0.0,370000.0,370000.0,0.0,1.0,1.0,0.0,-320000.0,-320000.0,0.0,-6.4,-6.4,0.0,0.0,0.0,4
960000.0,865000.0,67577.11644237765,896600.0,810175.0,59713.78260781454,4.0,4.0,0.0,63400.0,54825.0,9767.420334970744,0.06604166666666667,0.06311335784313725,27999.999999999996,28069.999999999993,0.0,0
0.0,0.0,0.0,0.0,140000.0,136964.86775812256,0.0,0.75,0.5,0.0,-140000.0,136964.86775812256,,,0.0,-104750.0,-0.29999999999999993,3
32397900.0,27326382.5,3483364.3262782125,26583220.0,23979535.0,2007601.3152931202,19.0,16.25,2.0615528128088303,5814680.0,3346847.5,1939566.899078503,0.1794770648714886,0.11836654161807658,2025415.4,1494310.0,1.4999999999999996,0
0.0,3581750.0,6963622.0639836565,50000.0,37500.0,47871.355387816904,0.0,3.0,2.0,-50000.0,3544250.0,6989456.267598121,1.0,1.0,-4237699.999999999,24999.999999999993,-1.1999999999999997,2
0.0,0.0,0.0,120000.0,101500.0,25066.57801402763,3.0,1.75,0.9574271077563381,-120000.0,-101500.0,25066.57801402763,,,0.0,15999.999999999995,0.6999999999999997,4
1500000.0,775000.0,573730.4826019502,898000.0,594500.0,241357.96375232094,2.0,2.0,0.0,602000.0,180500.0,495230.92256710574,0.4013333333333333,-1.0110059523809523,429999.9999999999,100800.0,0.0,1
0.0,30000.0,21602.468994692867,0.0,375000.0,250000.0,2.0,2.5,0.5773502691896257,0.0,-345000.0,230144.88190413156,-15.666666666666666,-12.055555555555555,-15999.999999999996,-150000.0,-0.3999999999999999,3
1250000.0,1096250.0,123920.3373139373,725500.0,637605.0,70156.34041196847,2.0,2.0,0.0,524500.0,458645.0,82126.60206453611,0.4196,0.4169973565134556,28500.0,25381.999999999996,0.0,0
0.0,10882500.0,19482861.4855895,0.0,1057500.0,1221430.1726528073,1.0,1.0,0.0,0.0,9825000.0,18741293.9788052,0.948,0.6694674220963173,-5059000.0,-852999.9999999999,0.0,0
60000.0,44250.0,29511.297271835858,73200.0,58300.0,39032.80671435248,1.0,1.0,0.0,-13200.0,-14050.0,10224.64343306569,-0.22,-0.3182193648938243,17899.999999999996,21559.999999999993,0.0,3
0.0,0.0,0.0,120000.0,101500.0,25066.57801402763,1.0,1.0,0.0,-120000.0,-101500.0,25066.57801402763,,,0.0,15999.999999999995,0.0,4
100000.0,100000.0,0.0,790000.0,790000.0,0.0,2.0,1.5,0.5773502691896257,-690000.0,-690000.0,0.0,-6.9,-6.9,0.0,0.0,0.3999999999999999,4
7556000.0,6257050.0,1438785.1391596547,5652500.0,5065957.5,1062732.6138584123,6.0,6.5,0.5773502691896257,1903500.0,1191092.5,501428.63855022617,0.25191900476442564,0.18658202524797513,-32420.000000000007,-240068.99999999988,-0.3999999999999999,0
0.0,0.0,0.0,2024000.0,514600.0,1006270.6494775647,1.0,1.0,0.0,-2024000.0,-514600.0,1006270.6494775647,,,0.0,604740.0,0.0,4
29600000.0,26170000.0,3611592.4465531823,25735600.0,22655200.0,3236845.8350684545,1.0,0.75,0.5,3864400.0,3514800.0,393022.84920854156,0.13055405405405404,0.13479072240501427,2515999.999999999,2285159.9999999995,0.29999999999999993,0
6917500.0,2783125.0,3397788.113243673,5534400.0,2511100.0,2410280.6558573213,7.0,4.0,2.449489742783178,1383100.0,272025.0,996411.5962626422,0.19994217564148897,0.1999710878207445,2496750.0,1778119.9999999998,1.7999999999999994,2
0.0,0.0,0.0,840000.0,720750.0,88481.16560413672,1.0,1.0,0.0,-840000.0,-720750.0,88481.16560413672,,,0.0,37299.99999999999,0.0,4
0.0,10882500.0,19482861.4855895,0.0,1057500.0,1221430.1726528073,1.0,1.0,0.0,0.0,9825000.0,18741293.9788052,0.948,0.6694674220963173,-5059000.0,-852999.9999999999,0.0,0
0.0,4000.0,8000.0,0.0,51718.75,56539.475055781455,0.0,0.0,0.0,0.0,-47718.75,52526.617756302054,-5.171875,-5.171875,-4799.999999999999,-19937.5,0.0,3
0.0,108000.0,124707.65814495916,100000.0,4872500.0,9576875.577835046,0.0,3.25,4.272001872658765,-100000.0,-4764500.0,9649529.409941882,1.0,0.6469907407407407,-6.507814330688531e-12,-5756500.0,-3.0999999999999988,2
2475000.0,1950000.0,450351.7144040496,1879500.0,1512200.0,327472.4823044933,2.0,2.0,0.0,595500.0,437800.0,138430.10269928045,0.2406060606060606,0.22235083468639866,343000.0,238359.99999999994,0.0,0
420000.0,387500.0,29860.788111948194,374400.0,359700.0,13688.194426828786,1.0,0.5,0.5773502691896257,45600.0,27800.0,16177.14437099453,0.10857142857142857,0.0696000939849624,22999.999999999996,10519.999999999998,0.3999999999999999,0
360000.0,286250.0,61288.253360656316,341500.0,243250.0,77599.93556698356,1.0,1.0,0.0,18500.0,43000.0,31997.395727360898,0.05138888888888889,0.16030638737648722,45500.0,59099.999999999985,0.0,0
326600.0,81650.0,163300.0,209600.0,52400.0,104800.0,1.0,1.0,0.0,117000.0,29250.0,58500.0,0.3582363747703613,0.3582363747703613,97979.99999999997,62879.99999999998,0.0,0
58570000.0,53495000.0,4652529.777801893,49690000.0,45010625.0,3865039.3567422656,1.0,0.5,0.5773502691896257,8880000.0,8484375.0,970302.8200000245,0.1516134539866826,0.15847918378716877,2650000.0,2390050.0,0.3999999999999999,0
4000000.0,2875000.0,1299679.4476587935,3208000.0,2418750.0,563274.5778037563,7.0,5.75,2.217355782608345,792000.0,456250.0,921807.056818291,0.198,0.017873684210526306,710000.0,401499.9999999999,-0.10000000000000007,1
58570000.0,53495000.0,4652529.777801893,49690000.0,45010625.0,3865039.3567422656,1.0,1.0,0.0,8880000.0,8484375.0,970302.8200000245,0.1516134539866826,0.15847918378716877,2650000.0,2390050.0,0.0,0
40725500.0,11443875.0,19521481.758885518,0.0,0.0,0.0,4.0,3.5,0.5773502691896257,40725500.0,11443875.0,19521481.758885518,1.0,1.0,11752649.999999998,0.0,0.3999999999999999,0
0.0,0.0,0.0,457000.0,230500.0,154329.73357932898,1.0,1.0,0.0,-457000.0,-230500.0,154329.73357932898,,,0.0,104599.99999999999,0.0,4
180000.0,157500.0,26299.55639676583,186564.0,313516.0,116096.5791514404,1.0,1.0,0.0,-6564.0,-156016.0,115394.05974312543,-0.03646666666666667,-1.0167147058823531,19000.0,-12480.799999999997,0.0,4
0.0,4000.0,8000.0,0.0,0.0,0.0,0.0,3.0,2.0,0.0,4000.0,8000.0,1.0,1.0,-4799.999999999999,0.0,-1.1999999999999997,0
65000.0,150750.0,61851.30017496264,65600.0,120775.0,41996.855040982926,1.0,1.0,0.0,-600.0,29975.0,21343.285439063344,-0.009230769230769232,0.16623630901069925,-26899.99999999999,-17770.0,0.0,1
7622500.0,4950625.0,2503897.274749905,6092000.0,3960500.0,2000376.2146156407,2.0,2.0,0.0,1530500.0,990125.0,503541.5201351325,0.20078714332568054,0.19983836289235202,1929750.0,1541399.9999999993,0.0,0
12000000.0,8000000.0,3535533.9059327375,10695000.0,7163750.0,3351199.7229847903,2.0,2.75,0.9574271077563381,1305000.0,836250.0,478406.643627225,0.10875,0.11627083333333334,1900000.0,1887499.9999999995,-0.7,0
0.0,150000.0,300000.0,0.0,166500.0,333000.0,0.0,0.25,0.5,0.0,-16500.0,33000.0,-0.11,-0.11,-180000.0,-199799.9999999999,-0.29999999999999993,1
0.0,0.0,0.0,0.0,0.0,0.0,3.0,3.0,0.0,0.0,0.0,0.0,,,0.0,0.0,0.0,0
1000000.0,3500000.0,2886751.345948129,941000.0,1001750.0,141140.8870597036,2.0,2.0,0.0,59000.0,2498250.0,2975441.829936074,0.059,0.3843958333333333,-2.08250058582033e-10,-78599.99999999999,0.0,1
588000.0,447000.0,108388.19123871383,498000.0,384900.0,91301.91673782101,1.0,1.0,0.0,90000.0,62100.0,24560.9446072418,0.15306122448979592,0.13802756838471125,54000.0,50520.0,0.0,0
0.0,706250.0,1412500.0,5625.0,11718.75,19865.26884414102,0.0,0.5,0.5773502691896257,-5625.0,694531.25,1420429.9318890213,1.0,1.0,-847499.9999999999,-2437.5,-0.3999999999999999,2
0.0,0.0,0.0,45000.0,705000.0,768060.327491706,1.0,1.0,0.0,-45000.0,-705000.0,768060.327491706,,,0.0,-271999.9999999999,0.0,4
0.0,2156250.0,2566480.648021073,3773000.0,1699500.0,1986030.6308480408,1.0,0.25,0.5,-3773000.0,456750.0,4505914.511321018,1.0,1.0,-1572499.9999999998,1434399.9999999998,0.29999999999999993,2
50000.0,56250.0,31457.64348029479,925000.0,901125.0,28441.094095223085,4.0,3.5,0.5773502691896257,-875000.0,-844875.0,23285.814709102764,-17.5,-19.08875,-17500.0,-450.00000000000085,2.482534153247273e-17,4
0.0,0.0,0.0,380000.0,273875.0,88961.01674329043,1.0,1.0,0.0,-380000.0,-273875.0,88961.01674329043,,,0.0,68849.99999999999,0.0,4
0.0,1512500.0,3025000.0,0.0,1490000.0,2980000.0,10.0,8.5,1.0,0.0,22500.0,45000.0,0.01487603305785124,0.01487603305785124,-1814999.9999999998,-1788000.0,0.5999999999999999,0
0.0,0.0,0.0,0.0,0.0,0.0,1.0,1.0,0.0,0.0,0.0,0.0,,,0.0,0.0,0.0,0
80000.0,82502.625,60464.21973257545,3937.5,8353.125,13433.704405803337,0.0,0.5,0.5773502691896257,76062.5,74149.5,73198.58744406661,0.95078125,0.9809429251339904,-7585.109999999998,-1991.2499999999998,-0.3999999999999999,1
6800000.0,4775000.0,1443086.9689661812,4708000.0,3818400.0,861641.0544227025,3.0,3.0,0.0,2092000.0,956600.0,765840.6970991639,0.3076470588235294,0.18675391214177978,1049999.9999999998,652519.9999999999,0.0,0
176000.0,152500.0,17672.95485574875,154000.0,139125.0,15017.406567047454,1.0,1.0,0.0,22000.0,13375.0,9166.378783358236,0.125,0.08610849761051373,11599.999999999996,5390.0,0.0,0
600000.0,463750.0,207178.46574069097,1250000.0,1057500.0,154515.37140362445,4.0,4.0,0.0,-650000.0,-593750.0,119817.56966321758,-1.0833333333333333,-1.6932808524173026,145499.99999999994,113999.99999999997,0.0,4
0.0,619500.0,800850.1732533996,407500.0,131875.0,192260.40283948227,2.0,4.75,3.095695936834452,-407500.0,487625.0,872801.5596342619,1.0,0.9642857142857143,-88199.99999999996,110250.0,-2.3,1
540000.0,412500.0,181911.15047370424,886000.0,648250.0,329676.9883790294,2.0,2.0,0.0,-346000.0,-235750.0,149019.8532634718,-0.6407407407407407,-0.4917333788373718,127000.0,227899.99999999994,0.0,4
2838000.0,1825500.0,773300.071123752,1323000.0,668490.0,439295.7641498493,1.0,0.5,0.5773502691896257,1515000.0,1157010.0,416130.6145911401,0.5338266384778013,0.6464320408830668,493799.9999999998,256283.99999999997,0.3999999999999999,0
0.0,0.0,0.0,840000.0,720750.0,88481.16560413672,7.0,4.0,2.0,-840000.0,-720750.0,88481.16560413672,,,0.0,37299.99999999999,1.1999999999999997,4
0.0,902600.0,1490619.6832190296,120000.0,389312.5,235660.01066154605,0.0,8.0,5.41602560309064,-120000.0,513287.5,1291965.2913133283,0.325,0.5514210390946502,-261040.0,-121974.99999999999,-2.799999999999999,2
0.0,0.0,0.0,1012500.0,351562.5,450878.0496154143,0.0,1.0,1.1547005383792515,-1012500.0,-351562.5,450878.0496154143,,,0.0,253125.0,-0.7999999999999998,3
0.0,0.0,0.0,120000.0,101500.0,25066.57801402763,2.0,2.0,0.0,-120000.0,-101500.0,25066.57801402763,,,0.0,15999.999999999995,0.0,4
