,ID,Business_Status,Open_Year,Staff_four_years_before,Staff_three_years_before,Staff_two_years_before,Staff_one_years_before,Total_expenditure_four_years_before,Total_expenditure_three_years_before,Total_expenditure_two_years_before,Total_expenditure_one_years_before,Total_Revenue_four_years_before,Total_Revenue_three_years_before,Total_Revenue_two_years_before,Total_Revenue_one_years_before,Active_upto_Year
0,Micro-1,1.0,2002.0,4,4.0,4.0,4.0,791700,793200.0,759200.0,896600.0,850000,850000.0,800000.0,960000.0,2024.0
1,Micro-2,1.0,2016.0,2,2.0,2.0,2.0,703400,705800.0,708800.0,715400.0,450000,420000.0,520000.0,550000.0,2024.0
2,Micro-3,1.0,2019.0,2,2.0,2.0,2.0,349700,330200.0,352400.0,375200.0,350000,400000.0,450000.0,490000.0,2024.0
3,Micro-4,1.0,2016.0,1,1.0,1.0,1.0,317400,298200.0,442580.0,452880.0,350000,370000.0,520000.0,570000.0,2024.0
4,Micro-5,1.0,2018.0,1,1.0,26.0,26.0,259200,259200.0,1180000.0,1740000.0,0,0.0,1500000.0,2000000.0,2024.0
5,Micro-6,1.0,2014.0,2,2.0,2.0,2.0,3056400,3082900.0,3353400.0,3692400.0,3600000,3600000.0,4200000.0,4200000.0,2024.0
6,Micro-7,1.0,2010.0,3,3.0,3.0,3.0,81600,81600.0,217200.0,217200.0,0,0.0,360000.0,360000.0,2024.0
7,Micro-8,1.0,2005.0,1,1.0,1.0,1.0,70800,50400.0,72000.0,163200.0,456000,240000.0,240000.0,720000.0,2024.0
8,Micro-9,1.0,2016.0,2,2.0,2.0,2.0,90800,104400.0,226800.0,226800.0,0,0.0,420000.0,420000.0,2024.0
9,Micro-10,1.0,2015.0,4,4.0,4.0,4.0,1080000,1080000.0,1610000.0,1636000.0,0,0.0,1800000.0,2000000.0,2024.0
10,Micro-11,1.0,2013.0,1,1.0,1.0,1.0,366000,366000.0,498000.0,498000.0,0,0.0,600000.0,600000.0,2024.0
11,Micro-12,1.0,2014.0,1,1.0,1.0,1.0,311400,311200.0,501400.0,501400.0,720000,720000.0,960000.0,960000.0,2024.0
12,Micro-13,1.0,,1,1.0,1.0,1.0,307000,10000.0,348000.0,393000.0,360000,0.0,300000.0,300000.0,2024.0
13,Micro-14,1.0,2012.0,1,1.0,1.0,1.0,497000,379000.0,579000.0,781000.0,0,480000.0,480000.0,780000.0,2024.0
14,Micro-15,1.0,2014.0,4,4.0,4.0,4.0,2098000,2353000.0,2741000.0,3559000.0,3250000,3500000.0,3800000.0,4765000.0,2024.0
15,Micro-16,1.0,2018.0,9,9.0,9.0,9.0,6782600,7826000.0,8490000.0,8187000.0,8000000,9000000.0,10000000.0,12000000.0,2024.0
16,Micro-17,1.0,2016.0,1,1.0,1.0,1.0,8240000,6242000.0,9338000.0,12398000.0,10015000,9000000.0,12020000.0,18010000.0,2024.0
17,Micro-19,1.0,2010.0,2,2.0,2.0,2.0,677000,686000.0,800000.0,888000.0,995000,800000.0,950000.0,1600000.0,2024.0
18,Micro-20,1.0,2016.0,3,3.0,3.0,3.0,1796000,1823000.0,2418000.0,3038000.0,3050000,3080000.0,3790000.0,4290000.0,2024.0
19,Micro-22,1.0,2005.0,3,3.0,3.0,3.0,1363600,1419000.0,1567000.0,1724000.0,2360000,2600000.0,2850000.0,3035000.0,2024.0
20,Micro-23,1.0,2008.0,9,9.0,9.0,9.0,5306000,6072000.0,7289000.0,8294000.0,6500000,7000000.0,8950000.0,9885000.0,2024.0
21,Micro-24,1.0,1988.0,6,6.0,6.0,6.0,6379000,7593000.0,7701000.0,9639000.0,8200000,8800000.0,9500000.0,11500000.0,2024.0
22,Micro-25,1.0,2020.0,3,3.0,3.0,3.0,487400,504700.0,534350.0,771400.0,910000,940500.0,985000.0,1150000.0,2024.0
23,Micro-26,1.0,2017.0,4,4.0,4.0,4.0,3940000,3961000.0,4868000.0,5070000.0,5140000,5200000.0,6000000.0,6250000.0,2024.0
24,Micro-27,1.0,2018.0,3,3.0,2.0,2.0,1470000,1570000.0,1218000.0,1483000.0,2980000,2980000.0,2800000.0,2850000.0,2024.0
25,Micro-28,1.0,2014.0,9,9.0,9.0,6.0,3409000,3464500.0,3618000.0,3313000.0,3500000,3500000.0,3700000.0,3500000.0,2024.0
26,Micro-29,1.0,2012.0,16,1.0,1.0,1.0,423000,12000.0,20000.0,65000.0,500000,30000.0,40000.0,200000.0,2024.0
27,Micro-30,1.0,2015.0,2,2.0,2.0,2.0,181600,449000.0,640000.0,930000.0,50000,720000.0,960000.0,1320000.0,2024.0
28,Micro-31,1.0,2013.0,1,1.0,1.0,1.0,56500,338000.0,522000.0,236400.0,100000,400000.0,600000.0,700000.0,2024.0
29,Micro-32,1.0,2018.0,0,4.0,4.0,4.0,132000,829000.0,1190000.0,1790000.0,200000,700000.0,1400000.0,2000000.0,2024.0
30,Micro-33,1.0,2008.0,3,3.0,4.0,4.0,244940,344160.0,598000.0,762800.0,300000,400000.0,700000.0,1000000.0,2024.0
31,Micro-34,1.0,2019.0,2,2.0,2.0,2.0,11750,128800.0,196200.0,290500.0,10000,190000.0,400000.0,600000.0,2024.0
32,Micro-35,1.0,2019.0,2,4.0,4.0,4.0,65400,81600.0,104400.0,127200.0,50000,240000.0,216000.0,420000.0,2024.0
33,Micro-36,1.0,2019.0,3,4.0,4.0,5.0,172400,250000.0,1397000.0,1707000.0,180000,100000.0,1200000.0,1800000.0,2024.0
34,Micro-37,1.0,2018.0,1,1.0,1.0,1.0,30600,153600.0,186400.0,284400.0,70000,200000.0,360000.0,430000.0,2024.0
35,Micro-38,1.0,2018.0,2,2.0,2.0,2.0,0,0.0,10000.0,10000.0,0,0.0,0.0,160000.0,2024.0
36,Micro-39,1.0,2017.0,1,1.0,1.0,1.0,7600,4300.0,7000.0,18000.0,3000,5000.0,20000.0,35000.0,2024.0
37,Micro-40,1.0,2011.0,4,3.0,4.0,4.0,0,0.0,0.0,0.0,0,0.0,0.0,0.0,2024.0
38,Micro-41,1.0,2017.0,1,1.0,1.0,1.0,563000,748000.0,897500.0,1179000.0,700000,900000.0,120000.0,1600000.0,2024.0
39,Micro-42,1.0,2013.0,2,2.0,2.0,2.0,860400,1417760.0,1140800.0,1271080.0,2060000,2200000.0,2250000.0,2350000.0,2024.0
40,Micro-43,1.0,2016.0,1,1.0,1.0,1.0,173400,271400.0,345000.0,904000.0,196000,220000.0,440000.0,960000.0,2024.0
41,Micro-44,1.0,2012.0,8,8.0,8.0,8.0,4355000,2870000.0,3457000.0,33365000.0,9000000,9000000.0,10000000.0,12000000.0,2024.0
42,Micro-45,1.0,2021.0,1,1.0,1.0,1.0,43200,545800.0,960850.0,1329500.0,55000,650000.0,1000000.0,1500000.0,2024.0
43,Micro-46,1.0,2017.0,2,1.0,1.0,1.0,515000,376000.0,647000.0,797000.0,600000,400000.0,700000.0,400000.0,2024.0
44,Micro-47,1.0,,3,3.0,1.0,1.0,0,0.0,0.0,0.0,500000,0.0,0.0,0.0,2024.0
45,Micro-48,1.0,2018.0,1,1.0,1.0,1.0,501000,369000.0,277500.0,155500.0,600000,500000.0,300000.0,200000.0,2024.0
46,Micro-49,1.0,2015.0,8,3.0,5.0,7.0,2011000,2016000.0,2440000.0,3208000.0,2500000,1200000.0,3800000.0,4000000.0,2024.0
47,Micro-50,1.0,2012.0,5,1.0,1.0,1.0,828000,631000.0,738000.0,917000.0,1200000,700000.0,800000.0,960000.0,2024.0
48,Micro-51,1.0,2017.0,1,1.0,1.0,1.0,621000,535000.0,479000.0,328000.0,950000,800000.0,450000.0,300000.0,2024.0
49,Micro-52,1.0,2016.0,1,1.0,1.0,1.0,634000,728000.0,1149000.0,1410000.0,1200000,1800000.0,26000000.0,3000000.0,2024.0
50,Micro-53,1.0,2012.0,3,1.0,1.0,1.0,1503800,735800.0,1336000.0,660000.0,3000000,2500000.0,500000.0,1500000.0,2024.0
51,Micro-54,1.0,2001.0,11,11.0,6.0,7.0,5439000,5739000.0,5134000.0,6076000.0,6500000,6500000.0,6200000.0,6900000.0,2024.0
52,Micro-55,1.0,,1,1.0,1.0,1.0,97000,107000.0,118000.0,154000.0,180000,200000.0,350000.0,300000.0,2024.0
53,Micro-56,1.0,2019.0,1,1.0,1.0,1.0,1100000,822000.0,1020000.0,1190000.0,800000,900000.0,1000000.0,1200000.0,2024.0
54,Micro-57,1.0,,2,2.0,2.0,2.0,1187000,853000.0,419000.0,1531000.0,1200000,1000000.0,800000.0,1200000.0,2024.0
55,Micro-58,1.0,2018.0,3,2.0,2.0,1.0,2190000,1982000.0,2155500.0,1009000.0,1800000,1750000.0,1275000.0,2000000.0,2024.0
56,Micro-59,1.0,1990.0,3,1.0,1.0,1.0,2225600,1199800.0,863000.0,1675900.0,3500000,3000000.0,2000000.0,5000000.0,2024.0
57,Micro-60,1.0,2016.0,1,1.0,1.0,1.0,0,0.0,0.0,0.0,80000,50000.0,60000.0,250000.0,2024.0
58,Micro-61,1.0,,1,1.0,1.0,2.0,394000,392000.0,522000.0,530000.0,465000,430000.0,700000.0,720000.0,2024.0
59,Micro-62,1.0,,4,3.0,2.0,2.0,6340000,2905000.0,8715000.0,10695000.0,7500000,3500000.0,9000000.0,12000000.0,2024.0
60,Micro-63,1.0,2015.0,2,2.0,3.0,5.0,272000,432000.0,549500.0,574000.0,480000,500000.0,650000.0,750000.0,2024.0
61,Micro-64,1.0,2017.0,1,1.0,1.0,1.0,933500,1584000.0,2027000.0,2284000.0,1500000,1800000.0,2700000.0,3000000.0,2024.0
62,Micro-66,1.0,,1,1.0,1.0,1.0,262000,425000.0,349500.0,492000.0,350000,450000.0,500000.0,600000.0,2024.0
63,Micro-67,1.0,2017.0,1,3.0,3.0,3.0,1391000,2274800.0,2900000.0,2606000.0,1500000,2500000.0,3500000.0,3200000.0,2024.0
64,Micro-68,1.0,,5,5.0,3.0,4.0,1167000,1724500.0,1992500.0,2051000.0,1200000,1800000.0,2200000.0,400000.0,2024.0
65,Micro-69,1.0,2011.0,0,0.0,0.0,4.0,0,0.0,0.0,3790000.0,0,0.0,0.0,4612500.0,2024.0
66,Micro-70,1.0,2011.0,0,0.0,2.0,2.0,0,0.0,950800.0,950800.0,0,0.0,1301000.0,2087600.0,2024.0
67,Micro-71,1.0,2016.0,2,2.0,2.0,2.0,10253000,12802000.0,15962000.0,19824000.0,11170650,13954350.0,17394550.0,21850550.0,2024.0
68,Micro-72,1.0,2016.0,0,0.0,3.0,3.0,0,0.0,8677600.0,10872000.0,0,0.0,9453913.0,12080000.0,2024.0
69,Micro-73,1.0,,0,2.0,2.0,2.0,0,4135680.0,6998400.0,8748000.0,0,4595200.0,8616000.0,10770000.0,2024.0
70,Micro-74,1.0,2018.0,7,12.0,12.0,12.0,8812080,11321120.0,13705400.0,9485600.0,8708700,14151400.0,17169250.0,11819500.0,2024.0
71,Micro-75,1.0,2006.0,1,1.0,1.0,5.0,5396072,13495080.0,22492800.0,19144000.0,5998080,14995200.0,24992000.0,21300000.0,2024.0
72,Micro-76,1.0,,2,2.0,2.0,2.0,86000,87200.0,106400.0,296000.0,430000,436000.0,567000.0,591000.0,2024.0
73,Micro-77,1.0,2010.0,1,1.0,1.0,1.0,478000,515000.0,1040000.0,1130000.0,597500,643750.0,1300000.0,141500.0,2024.0
74,Micro-78,1.0,,0,0.0,2.0,2.0,0,742400.0,999440.0,1176000.0,0,1404000.0,1663733.0,1960000.0,2024.0
75,Micro-79,1.0,,1,1.0,1.0,1.0,322000,355200.0,522800.0,654000.0,402500,444000.0,653500.0,817500.0,2024.0
76,Micro-80,1.0,2021.0,0,1.0,2.0,2.0,0,341720.0,597600.0,792000.0,0,489600.0,996000.0,1320000.0,2024.0
77,Micro-81,1.0,2015.0,0,0.0,1.0,1.0,0,0.0,378000.0,496000.0,0,0.0,472500.0,620000.0,2024.0
78,Micro-82,1.0,2016.0,0,0.0,1.0,1.0,192344,480960.0,801600.0,828000.0,213760,534400.0,890666.0,1009090.0,2024.0
79,Micro-83,1.0,,3,3.0,5.0,5.0,1870000,2075392.0,2589740.0,2874600.0,2337500,2594240.0,3237175.0,3593290.0,2024.0
80,Micro-84,1.0,,3,3.0,3.0,3.0,2412000,2882000.0,3478000.0,3964000.0,3015000,3602500.0,44422500.0,4980000.0,2024.0
81,Micro-85,1.0,2019.0,1,1.0,1.0,1.0,199562,295808.0,404480.0,468800.0,276337,410845.0,586000.0,732500.0,2024.0
82,Micro-86,1.0,2014.0,2,2.0,2.0,2.0,163600,153700.0,164200.0,200600.0,800000,900000.0,1000000.0,1400000.0,2024.0
83,Micro-87,1.0,2014.0,5,5.0,5.0,5.0,855617,785061.0,388627.0,871734.0,182964,177860.0,85916.0,197280.0,2024.0
84,Micro-88,1.0,2017.0,1,1.0,1.0,1.0,24700,33700.0,38200.0,50100.0,18000,15000.0,26000.0,35000.0,2024.0
85,Micro-89,1.0,2023.0,4,5.0,5.0,5.0,850100,918800.0,1113400.0,1248700.0,765000,924000.0,1339406.0,1217123.0,2024.0
86,Micro-90,1.0,2021.0,3,3.0,4.0,4.0,187000,208000.0,279200.0,309300.0,22000,30000.0,52000.0,63000.0,2024.0
87,Micro-91,1.0,2012.0,2,2.0,2.0,2.0,523000,336100.0,338900.0,407700.0,250000,275000.0,300000.0,360000.0,2024.0
88,Micro-92,1.0,2009.0,1,1.0,2.0,4.0,0,86900.0,131700.0,178000.0,0,275000.0,300000.0,350000.0,2024.0
89,Micro-93,1.0,2019.0,2,2.0,2.0,3.0,496500,560000.0,704000.0,1182600.0,220000,290000.0,320000.0,410000.0,2024.0
90,Micro-93,1.0,2022.0,3,0.0,3.0,3.0,0,0.0,36400.0,135000.0,0,0.0,9200.0,25000.0,2024.0
91,Micro-93,1.0,2019.0,2,2.0,2.0,3.0,496500,560000.0,704000.0,1182600.0,220000,290000.0,320000.0,410000.0,2024.0
92,Micro-93,1.0,2022.0,3,0.0,3.0,3.0,0,0.0,36400.0,135000.0,0,0.0,9200.0,25000.0,2024.0
93,Micro-94,1.0,2018.0,3,0.0,0.0,3.0,76500,0.0,0.0,396800.0,100000,0.0,0.0,190000.0,2024.0
94,Micro-95,1.0,2011.0,2,3.0,3.0,3.0,0,57100.0,78100.0,110500.0,0,60000.0,95000.0,120000.0,2024.0
95,Micro-96,1.0,2020.0,2,2.0,2.0,2.0,742000,742000.0,742000.0,742000.0,800000,800000.0,800000.0,800000.0,2024.0
96,Micro-97,1.0,2020.0,2,2.0,2.0,2.0,1530000,1632000.0,1856000.0,1956000.0,720000,720000.0,960000.0,960000.0,2024.0
97,Micro-98,1.0,2019.0,2,2.0,2.0,2.0,2122000,2102000.0,2267000.0,2192000.0,3000000,3000000.0,3000000.0,3000000.0,2024.0
98,Micro-99,1.0,,4,4.0,4.0,4.0,1337800,1337000.0,1337800.0,2262000.0,2000000,2000000.0,2000000.0,2000000.0,2024.0
99,Micro-100,1.0,2020.0,1,1.0,1.0,1.0,470000,0.0,670000.0,870000.0,120000,0.0,600000.0,600000.0,2024.0
100,Micro-101,1.0,,3,3.0,3.0,3.0,24318000,24318000.0,24318000.0,24318000.0,80000000,80000000.0,80000000.0,80000000.0,2024.0
101,Micro-102,1.0,2018.0,1,1.0,1.0,1.0,1452000,1452000.0,1480000.0,1696000.0,3000000,3000000.0,3000000.0,2000000.0,2024.0
102,Micro-103,1.0,2016.0,2,2.0,2.0,2.0,1212500,912500.0,941000.0,941000.0,1000000,6000000.0,6000000.0,1000000.0,2024.0
103,Micro-104,1.0,,1,1.0,3.0,3.0,0,239040.0,914400.0,1668000.0,0,332000.0,1524000.0,2780000.0,2024.0
104,Micro-105,1.0,,1,1.0,1.0,2.0,120800,120800.0,167400.0,177000.0,604000,604000.0,837000.0,885000.0,2024.0
105,Micro-106,1.0,,1,1.0,1.0,1.0,360000,507000.0,698000.0,906000.0,720000,1014000.0,1396000.0,1510000.0,2024.0
106,Micro-107,1.0,,2,2.0,2.0,2.0,540000,750000.0,1028000.0,1188000.0,675000,937500.0,1285000.0,1320000.0,2024.0
107,Micro-108,1.0,2019.0,1,1.0,1.0,1.0,1488000,1667000.0,1626000.0,1586000.0,0,2071250.0,2516923.0,3992000.0,2024.0
108,Micro-109,1.0,2015.0,1,1.0,1.0,1.0,242400,301200.0,504000.0,566800.0,303000,376500.0,630000.0,708300.0,2024.0
109,Micro-110,1.0,2015.0,2,2.0,2.0,2.0,1476000,3354000.0,4920000.0,6092000.0,1845000,4185000.0,6150000.0,7622500.0,2024.0
110,Micro-111,1.0,2010.0,1,1.0,1.0,1.0,0,4058400.0,4167440.0,5172000.0,0,5073000.0,5209300.0,6465000.0,2024.0
111,Micro-112,1.0,2015.0,0,1.0,4.0,4.0,0,0.0,1412000.0,2009000.0,0,0.0,2370000.0,2870000.0,2024.0
112,Micro-113,1.0,2017.0,2,2.0,2.0,2.0,1257000,1277000.0,1441000.0,1819000.0,1800000,1950000.0,1900000.0,2500000.0,2024.0
113,Micro-114,1.0,2015.0,3,3.0,3.0,3.0,1593000,1790000.0,1867000.0,1945000.0,3395000,3500000.0,4200000.0,4600000.0,2024.0
114,Micro-115,1.0,2020.0,2,2.0,2.0,2.0,359000,415000.0,489000.0,666000.0,1135000,1215000.0,1289000.0,1526000.0,2024.0
115,Micro-116,1.0,2014.0,2,6.0,7.0,7.0,437100,572500.0,814800.0,950500.0,760000,880000.0,975000.0,1200000.0,2024.0
116,Micro-117,1.0,2005.0,2,2.0,2.0,2.0,160900,116000.0,175500.0,195300.0,252000,150000.0,240000.0,312000.0,2024.0
117,Micro-118,1.0,2016.0,4,4.0,4.0,4.0,4183000,1004000.0,1107500.0,1361000.0,1210000,1350000.0,1470000.0,1560000.0,2024.0
118,Micro-119,1.0,,2,2.0,2.0,2.0,609400,655000.0,560520.0,725500.0,1140000,1020000.0,975000.0,1250000.0,2024.0
119,Micro-120,1.0,2019.0,1,1.0,1.0,1.0,185500,172000.0,163700.0,209500.0,318000,305000.0,295000.0,375000.0,2024.0
120,Micro-121,1.0,2011.0,1,1.0,1.0,1.0,99100,85500.0,81600.0,109000.0,178000,146000.0,135000.0,195000.0,2024.0
121,Micro-122,1.0,2019.0,1,1.0,1.0,1.0,357500,443000.0,369500.0,470000.0,660000,720000.0,640000.0,665000.0,2024.0
122,Micro-123,1.0,1989.0,8,2.0,2.0,2.0,706500,197500.0,220000.0,247000.0,960000,425000.0,530000.0,475000.0,2024.0
123,Micro-124,1.0,,2,2.0,2.0,2.0,784500,614500.0,383700.0,762500.0,1080000,935000.0,680000.0,1240000.0,2024.0
124,Micro-125,1.0,2011.0,3,3.0,4.0,4.0,324000,487000.0,542700.0,602500.0,660000,780000.0,810000.0,935000.0,2024.0
125,Micro-126,1.0,2019.0,3,3.0,3.0,3.0,1270000,1407000.0,1639000.0,1731500.0,1740000,1850000.0,1910000.0,1970000.0,2024.0
126,Micro-127,1.0,2019.0,1,1.0,1.0,1.0,143500,118300.0,140700.0,154000.0,144000,135000.0,155000.0,176000.0,2024.0
127,Micro-128,1.0,1998.0,2,2.0,2.0,2.0,248000,301500.0,347500.0,372500.0,432000,485000.0,545000.0,590000.0,2024.0
128,Micro-129,1.0,2012.0,2,2.0,2.0,2.0,429300,417600.0,467200.0,495500.0,720000,675000.0,695000.0,745000.0,2024.0
129,Micro-130,1.0,2018.0,1,1.0,1.0,1.0,146300,166700.0,147500.0,46200.0,294000,325000.0,285000.0,420000.0,2024.0
130,Micro-131,1.0,2017.0,1,1.0,1.0,1.0,337000,291500.0,314000.0,387000.0,672000,655000.0,535000.0,710000.0,2024.0
131,Micro-131,1.0,2015.0,1,1.0,1.0,2.0,242000,240000.0,240000.0,538000.0,255000,250000.0,256000.0,590000.0,2024.0
132,Micro-131,1.0,2017.0,1,1.0,1.0,1.0,337000,291500.0,314000.0,387000.0,672000,655000.0,535000.0,710000.0,2024.0
133,Micro-131,1.0,2015.0,1,1.0,1.0,2.0,242000,240000.0,240000.0,538000.0,255000,250000.0,256000.0,590000.0,2024.0
134,Micro-132,1.0,2014.0,4,4.0,4.0,4.0,612000,569000.0,782000.0,961000.0,1000000,800000.0,1100000.0,1600000.0,2024.0
135,Micro-132,1.0,2016.0,2,2.0,2.0,2.0,523200,523200.0,686000.0,686000.0,600000,100000.0,500000.0,50000.0,2024.0
136,Micro-132,1.0,2014.0,4,4.0,4.0,4.0,612000,569000.0,782000.0,961000.0,1000000,800000.0,1100000.0,1600000.0,2024.0
137,Micro-132,1.0,2016.0,2,2.0,2.0,2.0,523200,523200.0,686000.0,686000.0,600000,100000.0,500000.0,50000.0,2024.0
138,Micro-133,1.0,2016.0,3,3.0,4.0,5.0,1464000,1551500.0,1869000.0,2056000.0,1980000,1995000.0,2230000.0,2550000.0,2024.0
139,Micro-133,1.0,2016.0,1,1.0,1.0,1.0,750000,750000.0,1188000.0,1188000.0,0,0.0,2400000.0,2400000.0,2024.0
140,Micro-133,1.0,2016.0,3,3.0,4.0,5.0,1464000,1551500.0,1869000.0,2056000.0,1980000,1995000.0,2230000.0,2550000.0,2024.0
141,Micro-133,1.0,2016.0,1,1.0,1.0,1.0,750000,750000.0,1188000.0,1188000.0,0,0.0,2400000.0,2400000.0,2024.0
142,Micro-134,1.0,2018.0,4,4.0,4.0,4.0,771000,832000.0,3089500.0,989500.0,1256000,1235000.0,1310000.0,1423000.0,2024.0
143,Micro-134,1.0,2016.0,1,1.0,1.0,1.0,2872000,2672000.0,2672000.0,2672000.0,3000000,3000000.0,3000000.0,3200000.0,2024.0
144,Micro-134,1.0,2018.0,4,4.0,4.0,4.0,771000,832000.0,3089500.0,989500.0,1256000,1235000.0,1310000.0,1423000.0,2024.0
145,Micro-134,1.0,2016.0,1,1.0,1.0,1.0,2872000,2672000.0,2672000.0,2672000.0,3000000,3000000.0,3000000.0,3200000.0,2024.0
146,Micro-135,1.0,2019.0,1,1.0,1.0,1.0,688000,568000.0,568000.0,568000.0,400000,400000.0,400000.0,400000.0,2024.0
147,Micro-136,1.0,2011.0,2,2.0,2.0,2.0,510000,510000.0,510000.0,520000.0,720000,720000.0,100000.0,100000.0,2024.0
148,Micro-137,1.0,2018.0,1,1.0,1.0,1.0,282000,282000.0,242000.0,261000.0,460000,460000.0,460000.0,460000.0,2024.0
149,Micro-138,1.0,,4,4.0,4.0,4.0,2809000,2832000.0,3080000.0,3885000.0,4250000,4500000.0,4900000.0,5330000.0,2024.0
150,Micro-139,1.0,2018.0,3,3.0,3.0,3.0,1415000,1425000.0,1425000.0,1415000.0,2375000,2380000.0,2400000.0,2300000.0,2024.0
151,Micro-140,1.0,2020.0,2,2.0,2.0,2.0,928000,1037000.0,1225000.0,1580000.0,2700000,2850000.0,3000000.0,3300000.0,2024.0
152,Micro-141,1.0,2014.0,2,2.0,2.0,2.0,1363000,1201000.0,1610000.0,1864000.0,2100000,2035000.0,2440000.0,2700000.0,2024.0
153,Micro-142,1.0,2017.0,2,2.0,2.0,2.0,997000,999000.0,1061000.0,1111000.0,1500000,1600000.0,1800000.0,2000000.0,2024.0
154,Micro-143,1.0,2020.0,2,2.0,5.0,7.0,528000,610000.0,3372000.0,5534400.0,0,0.0,4215000.0,6917500.0,2024.0
155,Micro-144,1.0,2010.0,2,2.0,2.0,7.0,1880000,2100000.0,4460000.0,9540000.0,2350000,3750000.0,4460000.0,6540000.0,2024.0
156,Micro-145,1.0,1990.0,9,11.0,4.0,1.0,2883000,2088000.0,2115000.0,2040000.0,3500000,2200000.0,2800000.0,2500000.0,2024.0
157,Micro-146,1.0,2012.0,9,9.0,3.0,3.0,4807000,3941000.0,1555000.0,1858500.0,6000000,5975000.0,2900000.0,3025000.0,2024.0
158,Micro-147,1.0,2009.0,3,2.0,3.0,3.0,5679000,6013000.0,6906000.0,7415000.0,6800000,7000000.0,7500000.0,8800000.0,2024.0
159,Micro-148,1.0,2003.0,3,3.0,3.0,3.0,2889600,3303000.0,4373000.0,4708000.0,3600000,3900000.0,4800000.0,6800000.0,2024.0
160,Micro-149,1.0,2005.0,6,2.0,2.0,2.0,1470000,1660000.0,1673000.0,1529000.0,2500000,1800000.0,2100000.0,1800000.0,2024.0
161,Micro-150,1.0,2019.0,17,17.0,17.0,17.0,6465000,5965000.0,5230000.0,6700000.0,8000000,7500000.0,3500000.0,7600000.0,2024.0
162,Micro-151,1.0,2014.0,3,3.0,3.0,6.0,306000,0.0,562000.0,574000.0,300000,0.0,550000.0,480000.0,2024.0
163,Micro-152,1.0,1998.0,7,3.0,2.0,2.0,1753000,1875000.0,2030000.0,2720000.0,1200000,2000000.0,2800000.0,3000000.0,2024.0
164,Micro-153,1.0,2019.0,4,2.0,2.0,2.0,15471600,1426800.0,3339600.0,4257000.0,15960000,1680000.0,3720000.0,4620000.0,2024.0
165,Micro-154,1.0,2005.0,4,0.0,0.0,4.0,1977000,0.0,0.0,6292000.0,1987000,0.0,0.0,7200000.0,2024.0
166,Micro-155,1.0,2014.0,1,1.0,1.0,1.0,191800,191800.0,425000.0,426000.0,240000,24000.0,600000.0,600600.0,2024.0
167,Micro-156,1.0,2019.0,2,2.0,2.0,2.0,107610,126826.0,159810.0,178282.0,240000,244450.0,347800.0,434440.0,2024.0
168,Micro-157,1.0,,4,4.0,4.0,4.0,550000,550000.0,550000.0,640000.0,0,0.0,0.0,0.0,2024.0
169,Micro-158,1.0,2020.0,1,1.0,1.0,1.0,410000,410000.0,410000.0,410000.0,40000,40000.0,40000.0,40000.0,2024.0
170,Micro-159,1.0,2015.0,1,1.0,1.0,1.0,200000,190000.0,190000.0,181000.0,30000,30000.0,30000.0,30000.0,2024.0
171,Micro-160,1.0,2016.0,2,2.0,2.0,2.0,420000,420000.0,420000.0,420000.0,50000,50000.0,50000.0,50000.0,2024.0
172,Micro-161,1.0,2018.0,2,2.0,2.0,2.0,450000,450000.0,450000.0,450000.0,50000,50000.0,50000.0,50000.0,2024.0
173,Micro-162,1.0,2020.0,4,4.0,4.0,5.0,690000,690000.0,690000.0,740000.0,50000,50000.0,40000.0,40000.0,2024.0
174,Micro-163,1.0,2016.0,4,4.0,4.0,5.0,4400000,4400000.0,4400000.0,4500000.0,100000,100000.0,10000.0,100000.0,2024.0
175,Micro-164,1.0,2018.0,3,3.0,3.0,3.0,520000,520000.0,520000.0,520000.0,50000,50000.0,50000.0,50000.0,2024.0
176,Micro-165,1.0,2020.0,2,2.0,2.0,2.0,550000,550000.0,530000.0,580000.0,50000,50000.0,50000.0,50000.0,2024.0
177,Micro-166,1.0,2016.0,2,2.0,2.0,2.0,440000,440000.0,440000.0,530000.0,50000,50000.0,50000.0,50000.0,2024.0
178,Micro-167,1.0,2020.0,1,1.0,1.0,1.0,230000,230000.0,230000.0,230000.0,40000,40000.0,40000.0,40000.0,2024.0
179,Micro-168,1.0,2000.0,1,1.0,1.0,1.0,3038000,4756000.0,5060500.0,7978800.0,100000,125000.0,130000.0,132000.0,2024.0
180,Micro-169,1.0,2019.0,1,1.0,1.0,1.0,109000,116000.0,123000.0,137000.0,75000,80000.0,85000.0,90000.0,2024.0
181,Micro-170,1.0,2020.0,1,1.0,1.0,1.0,180700,191000.0,211300.0,251976.0,595000,606000.0,613000.0,620000.0,2024.0
182,Micro-171,1.0,2019.0,3,3.0,3.0,3.0,21290000,23792000.0,34029000.0,40219600.0,2500000,2800000.0,3000000.0,3600000.0,2024.0
183,Micro-172,1.0,2018.0,3,3.0,3.0,3.0,690000,814000.0,842000.0,860000.0,800000,950000.0,1050000.0,1080000.0,2024.0
184,Micro-173,1.0,2010.0,2,2.0,2.0,2.0,360000,360000.0,360000.0,360000.0,50000,50000.0,50000.0,50000.0,2024.0
185,Micro-174,1.0,2020.0,1,1.0,1.0,1.0,520000,520000.0,490000.0,490000.0,40000,40000.0,30000.0,30000.0,2024.0
186,Micro-175,1.0,2018.0,3,3.0,3.0,3.0,640000,640000.0,640000.0,640000.0,50000,50000.0,50000.0,50000.0,2024.0
187,Micro-176,1.0,2019.0,3,3.0,3.0,3.0,562500,562500.0,560000.0,560000.0,0,0.0,0.0,0.0,2024.0
188,Micro-177,1.0,,3,2.0,2.0,3.0,480000,370000.0,370000.0,480000.0,0,0.0,0.0,0.0,2024.0
189,Micro-178,1.0,2009.0,4,3.0,3.0,4.0,926500,876500.0,876500.0,925000.0,100000,50000.0,25000.0,50000.0,2024.0
190,Micro-179,1.0,2020.0,2,2.0,2.0,2.0,700000,700000.0,700000.0,700000.0,50000,50000.0,50000.0,50000.0,2024.0
191,Micro-180,1.0,2015.0,5,5.0,5.0,4.0,3700000,3700000.0,3700000.0,3700000.0,1000000,1000000.0,1000000.0,1000000.0,2024.0
192,Micro-181,1.0,2018.0,1,1.0,1.0,1.0,880000,1342000.0,1370000.0,1395000.0,135000,1580000.0,1885000.0,1990000.0,2024.0
193,Micro-182,1.0,2018.0,3,3.0,3.0,3.0,5718000,8982000.0,7179000.0,7576000.0,195000,250000.0,395000.0,400000.0,2024.0
194,Micro-183,1.0,2003.0,1,1.0,1.0,1.0,336000,382500.0,398000.0,383600.0,200000,360000.0,500000.0,600000.0,2024.0
195,Micro-184,1.0,2015.0,2,2.0,2.0,2.0,166000,711000.0,830000.0,886000.0,150000,430000.0,530000.0,540000.0,2024.0
196,Micro-185,1.0,2014.0,2,2.0,2.0,2.0,98000,500000.0,554000.0,570000.0,0,0.0,0.0,936000.0,2024.0
197,Micro-186,1.0,2009.0,2,2.0,2.0,2.0,11838000,12739000.0,13946000.0,14689000.0,150000,170000.0,175000.0,180000.0,2024.0
198,Micro-187,1.0,2019.0,2,2.0,2.0,2.0,3085000,7910000.0,11539000.0,12130000.0,5500000,9500000.0,10750000.0,1080000.0,2024.0
199,Micro-188,1.0,2018.0,1,1.0,1.0,1.0,118000,187700.0,191600.0,203600.0,50000,56000.0,58000.0,60000.0,2024.0
200,Micro-189,1.0,2021.0,1,1.0,1.0,1.0,2230000,3310000.0,5070000.0,5264000.0,200000,350000.0,400000.0,450000.0,2024.0
201,Micro-190,1.0,1996.0,1,1.0,1.0,1.0,196000,466000.0,689000.0,686000.0,300000,750000.0,800000.0,960000.0,2024.0
202,Micro-191,1.0,2019.0,9,3.0,3.0,3.0,1028000,629000.0,730000.0,838000.0,400000,150000.0,200000.0,200000.0,2024.0
203,Micro-192,1.0,2021.0,0,1.0,1.0,1.0,0,82000.0,78000.0,73200.0,0,59000.0,58000.0,60000.0,2024.0
204,Micro-193,1.0,2000.0,1,1.0,1.0,1.0,342300,356600.0,365500.0,374400.0,350000,380000.0,400000.0,420000.0,2024.0
205,Micro-194,1.0,2019.0,1,1.0,1.0,1.0,250000,376000.0,441500.0,186564.0,120000,160000.0,170000.0,180000.0,2024.0
206,Micro-195,1.0,2020.0,4,4.0,4.0,4.0,10460000,10572000.0,11592000.0,12570000.0,1000000,5000000.0,5500000.0,6000000.0,2024.0
207,Micro-196,1.0,2015.0,3,3.0,1.0,2.0,1124000,1126000.0,0.0,1058000.0,600000,800000.0,0.0,1200000.0,2024.0
208,Micro-197,1.0,2014.0,4,4.0,2.0,2.0,2046700,1861900.0,2012900.0,2004200.0,3600000,3700000.0,390000.0,3400000.0,2024.0
209,Micro-198,1.0,2015.0,1,1.0,1.0,1.0,483000,789000.0,999000.0,709000.0,550000,850000.0,1628000.0,1720000.0,2024.0
210,Micro-199,1.0,2018.0,1,1.0,1.0,1.0,51000,52000.0,56000.0,52000.0,120000,130000.0,130000.0,125000.0,2024.0
211,Micro-200,1.0,2009.0,1,1.0,1.0,1.0,494000,437000.0,527000.0,316000.0,1500000,1600000.0,1700000.0,1700000.0,2024.0
212,Micro-201,1.0,2020.0,1,1.0,1.0,1.0,36000,39000.0,37000.0,38000.0,100000,180000.0,320000.0,400000.0,2024.0
213,Micro-202,1.0,,2,2.0,2.0,2.0,42000,338000.0,414000.0,389900.0,432000,450000.0,480000.0,500000.0,2024.0
214,Micro-203,1.0,,1,1.0,1.0,1.0,269100,310800.0,292600.0,333800.0,450000,590000.0,475000.0,625000.0,2024.0
215,Micro-204,1.0,2018.0,1,1.0,1.0,1.0,700000,700000.0,700000.0,700000.0,60000,60000.0,60000.0,60000.0,2024.0
216,Micro-205,1.0,,1,1.0,1.0,1.0,770000,770000.0,770000.0,770000.0,50000,50000.0,50000.0,50000.0,2024.0
217,Micro-206,1.0,,2,2.0,1.0,3.0,730000,680000.0,540000.0,790000.0,50000,50000.0,50000.0,60000.0,2024.0
218,Micro-207,1.0,2020.0,2,2.0,2.0,4.0,321000,321000.0,385000.0,385000.0,50000,50000.0,50000.0,50000.0,2024.0
219,Micro-208,1.0,,1,1.0,1.0,1.0,680000,680000.0,680000.0,680000.0,50000,50000.0,50000.0,50000.0,2024.0
220,Micro-209,1.0,,3,3.0,3.0,3.0,790000,790000.0,790000.0,790000.0,100000,100000.0,100000.0,100000.0,2024.0
221,Micro-210,1.0,,1,1.0,1.0,1.0,790000,790000.0,790000.0,790000.0,50000,50000.0,50000.0,50000.0,2024.0
222,Micro-211,1.0,,3,3.0,3.0,3.0,490000,490000.0,490000.0,490000.0,100000,100000.0,100000.0,100000.0,2024.0
223,Micro-212,1.0,,3,3.0,2.0,3.0,700000,700000.0,460000.0,700000.0,100000,100000.0,100000.0,100000.0,2024.0
224,Micro-213,1.0,,2,2.0,2.0,2.0,3476000,1636000.0,848000.0,937000.0,3600000,400000.0,3500000.0,420000.0,2024.0
225,Micro-214,1.0,,1,1.0,1.0,1.0,524000,434000.0,374000.0,458000.0,600000,520000.0,500000.0,615000.0,2024.0
226,Micro-215,1.0,2019.0,2,2.0,2.0,2.0,940300,1152500.0,1626000.0,1228500.0,600000,7500000.0,800000.0,8500000.0,2024.0
227,Micro-216,1.0,2006.0,3,1.0,1.0,1.0,854000,319000.0,517000.0,593000.0,985000,300000.0,320000.0,340000.0,2024.0
228,Micro-217,1.0,,1,1.0,1.0,1.0,183800,243000.0,256600.0,281700.0,140000,183000.0,180000.0,235000.0,2024.0
229,Micro-218,1.0,2023.0,1,1.0,1.0,1.0,0,195000.0,206000.0,230000.0,0,500000.0,525000.0,650000.0,2024.0
230,Micro-219,1.0,2014.0,1,1.0,1.0,1.0,185000,200700.0,215900.0,900900.0,0,0.0,0.0,0.0,2024.0
231,Micro-220,1.0,2018.0,2,2.0,2.0,1.0,2654500,3391100.0,3473500.0,2440500.0,3100000,3575000.0,4200000.0,3800000.0,2024.0
232,Micro-221,1.0,1992.0,3,3.0,2.0,2.0,40725500,46310000.0,43317000.0,49690000.0,48180000,55950000.0,51280000.0,58570000.0,2024.0
233,Micro-222,1.0,2020.0,1,1.0,1.0,1.0,18090400,23439400.0,23355400.0,25735600.0,21080000,27200000.0,26800000.0,29600000.0,2024.0
234,Micro-224,1.0,2019.0,2,2.0,1.0,1.0,0,0.0,3025000.0,3773000.0,3550000,5075000.0,0.0,0.0,2024.0
235,Micro-225,1.0,2013.0,13,3.0,2.0,2.0,5960000,0.0,0.0,0.0,6050000,0.0,0.0,0.0,2024.0
236,Micro-226,1.0,2019.0,1,1.0,1.0,1.0,2106000,2322000.0,0.0,0.0,3000000,2850000.0,0.0,0.0,2024.0
237,Micro-227,1.0,2018.0,1,1.0,1.0,1.0,1977000,0.0,0.0,0.0,3050000,0.0,0.0,0.0,2024.0
238,Micro-228,1.0,2017.0,1,1.0,1.0,1.0,2150000,2080000.0,0.0,0.0,3530000,40000000.0,0.0,0.0,2024.0
239,Micro-229,1.0,2020.0,1,1.0,1.0,1.0,499200,380160.0,471600.0,1323000.0,1500000,1020000.0,1944000.0,2838000.0,2024.0
240,Micro-230,1.0,2016.0,2,2.0,2.0,2.0,0,0.0,0.0,0.0,0,0.0,0.0,0.0,2024.0
241,Micro-231,1.0,2005.0,5,4.0,4.0,6.0,369600,276000.0,396000.0,498000.0,444000,324000.0,432000.0,588000.0,2024.0
242,Micro-232,1.0,1990.0,1,1.0,1.0,1.0,4215600,13467600.0,14367600.0,17972400.0,750000,1300000.0,1400000.0,1745000.0,2024.0
243,Micro-236,1.0,2015.0,1,1.0,1.0,1.0,140000,148000.0,84000.0,287000.0,10000,15000.0,16000.0,20000.0,2024.0
244,Micro-237,1.0,2014.0,1,1.0,1.0,1.0,192000,192000.0,222000.0,186000.0,0,0.0,96000.0,1000000.0,2024.0
245,Micro-238,1.0,2015.0,1,1.0,1.0,1.0,83000,77000.0,126000.0,120000.0,0,0.0,0.0,0.0,2024.0
246,Micro-239,1.0,1990.0,3,2.0,1.0,1.0,684000,727000.0,632000.0,840000.0,0,0.0,0.0,0.0,2024.0
247,Micro-240,1.0,2017.0,1,1.0,1.0,1.0,434400,435400.0,432000.0,394500.0,600000,480000.0,475000.0,420000.0,2024.0
248,Micro-241,1.0,2020.0,1,1.0,1.0,1.0,370000,370000.0,370000.0,370000.0,50000,50000.0,50000.0,50000.0,2024.0
249,Micro-242,1.0,,1,1.0,1.0,1.0,39000,39000.0,47000.0,47000.0,110000,110000.0,110000.0,110000.0,2024.0
250,Micro-243,1.0,2016.0,3,3.0,3.0,3.0,1560000,1500000.0,1250000.0,1560000.0,100000,100000.0,100000.0,100000.0,2024.0
251,Micro-244,1.0,2019.0,2,2.0,4.0,4.0,780000,780000.0,780000.0,780000.0,100000,100000.0,100000.0,100000.0,2024.0
252,Micro-245,1.0,,1,1.0,1.0,1.0,404500,404500.0,405000.0,405000.0,50000,45000.0,45000.0,52000.0,2024.0
253,Micro-246,1.0,2020.0,1,1.0,1.0,1.0,252000,252000.0,252000.0,252000.0,50000,50000.0,50000.0,50000.0,2024.0
254,Micro-247,1.0,2020.0,4,4.0,4.0,4.0,590000,590000.0,590000.0,590000.0,100000,100000.0,100000.0,100000.0,2024.0
255,Micro-248,1.0,2020.0,1,1.0,1.0,1.0,104000,104000.0,104000.0,104000.0,50000,50000.0,50000.0,50000.0,2024.0
256,Micro-249,1.0,2017.0,3,0.0,3.0,3.0,288000,355000.0,362000.0,366000.0,488000,464000.0,572000.0,666000.0,2024.0
257,Micro-250,1.0,,1,1.0,1.0,1.0,0,0.0,1734500.0,1731700.0,0,0.0,120000.0,120000.0,2024.0
258,Micro-251,1.0,,2,2.0,2.0,2.0,156000,162000.0,156000.0,182000.0,0,0.0,480000.0,540000.0,2024.0
259,Micro-252,1.0,2017.0,4,4.0,3.0,4.0,1200000,1200000.0,1100000.0,1200000.0,100000,100000.0,100000.0,100000.0,2024.0
260,Micro-253,1.0,2021.0,2,2.0,2.0,2.0,254000,204000.0,204000.0,204000.0,50000,50000.0,50000.0,50000.0,2024.0
261,Micro-254,1.0,2019.0,4,4.0,4.0,4.0,1070000,1070000.0,1060000.0,1060000.0,100000,100000.0,100000.0,100000.0,2024.0
262,Micro-255,1.0,2020.0,2,2.0,2.0,2.0,209000,209000.0,184000.0,184000.0,100000,100000.0,100000.0,100000.0,2024.0
263,Micro-256,1.0,2020.0,1,1.0,1.0,1.0,1030000,1033600.0,2036000.0,3018000.0,0,48000.0,60000.0,72000.0,2024.0
264,Micro-257,1.0,2000.0,2,1.0,2.0,2.0,336000,820000.0,2626000.0,3206000.0,0,0.0,0.0,30000.0,2024.0
265,Micro-258,1.0,2020.0,1,1.0,1.0,1.0,19500,12000.0,16000.0,18000.0,45000,50000.0,55000.0,75000.0,2024.0
266,Micro-259,1.0,2023.0,0,0.0,1.0,3.0,0,0.0,212000.0,627000.0,0,0.0,0.0,1000000.0,2024.0
267,Micro-260,1.0,2010.0,2,2.0,2.0,2.0,80000,94000.0,114500.0,150900.0,0,0.0,0.0,0.0,2024.0
268,Micro-261,1.0,2019.0,1,1.0,1.0,1.0,20000,67000.0,106000.0,79500.0,65000,70000.0,100000.0,90000.0,2024.0
269,Micro-262,1.0,2020.0,1,1.0,1.0,1.0,72000,127000.0,124500.0,120500.0,100000,130000.0,135000.0,140000.0,2024.0
270,Micro-263,1.0,2020.0,1,1.0,1.0,1.0,67000,125600.0,187500.0,386000.0,100000,145000.0,25000.0,350000.0,2024.0
271,Micro-264,1.0,1988.0,1,1.0,1.0,1.0,110000,175000.0,180000.0,457000.0,0,0.0,0.0,0.0,2024.0
272,Micro-265,1.0,2020.0,1,1.0,1.0,1.0,125000,161000.0,184000.0,256000.0,110000,122000.0,145000.0,185000.0,2024.0
273,Micro-266,1.0,,2,2.0,2.0,2.0,253200,299000.0,248000.0,254000.0,43200,144000.0,66000.0,390000.0,2024.0
274,Micro-267,1.0,2002.0,3,3.0,3.0,3.0,795000,690000.0,646000.0,988000.0,2640000,1200000.0,3120000.0,6240000.0,2024.0
275,Micro-268,1.0,2022.0,1,1.0,1.0,2.0,24000,24000.0,216000.0,444000.0,12000,12000.0,20000.0,60000.0,2024.0
276,Micro-270,1.0,2011.0,1,1.0,1.0,1.0,457255,504945.0,562500.0,588000.0,623500,665000.0,741000.0,780000.0,2024.0
277,Micro-272,1.0,2007.0,7,7.0,7.0,7.0,0,0.0,0.0,3358000.0,0,0.0,0.0,5250000.0,2024.0
278,Micro-273,1.0,2016.0,2,2.0,2.0,2.0,1082300,1547500.0,1539500.0,1879500.0,1385000,1890000.0,2050000.0,2475000.0,2024.0
279,Micro-274,1.0,2010.0,0,9.0,9.0,9.0,0,8207000.0,8003000.0,9200000.0,0,9560000.0,9450000.0,10850000.0,2024.0
280,Micro-275,1.0,2019.0,3,3.0,3.0,3.0,288300,392800.0,461400.0,508400.0,535000,555000.0,750000.0,875000.0,2024.0
281,Micro-276,1.0,2012.0,2,2.0,3.0,3.0,0,405500.0,493000.0,638000.0,0,350000.0,420000.0,650000.0,2024.0
282,Micro-277,1.0,1991.0,4,4.0,4.0,4.0,0,0.0,0.0,4152000.0,0,0.0,0.0,5400000.0,2024.0
283,Micro-278,1.0,2003.0,6,6.0,6.0,5.0,2425000,3230000.0,3618000.0,3834000.0,2820000,4265000.0,4050000.0,4250000.0,2024.0
284,Micro-279,1.0,1995.0,7,7.0,6.0,6.0,5919980,5144800.0,3546550.0,5652500.0,7045000,6142200.0,4285000.0,7556000.0,2024.0
285,Micro-280,1.0,2009.0,7,5.0,5.0,7.0,4209700,2670350.0,3548300.0,4238000.0,5451640,3487455.0,4612795.0,5509800.0,2024.0
286,Micro-281,1.0,2020.0,1,6.0,4.0,4.0,166150,2462000.0,1982000.0,2268400.0,240000,3150000.0,2550000.0,2875000.0,2024.0
287,Micro-282,1.0,1975.0,3,3.0,3.0,3.0,1509000,1919000.0,2047000.0,2341000.0,1900000,2600000.0,2750000.0,3000000.0,2024.0
288,Micro-283,1.0,2021.0,2,2.0,2.0,2.0,633000,317000.0,530000.0,898000.0,100000,700000.0,800000.0,1500000.0,2024.0
289,Micro-284,1.0,,5,1.0,3.0,5.0,3300000,0.0,2120000.0,3985000.0,4500000,0.0,3500000.0,800000.0,2024.0
290,Micro-285,1.0,2019.0,1,1.0,1.0,1.0,306300,104200.0,25300.0,355500.0,600000,200000.0,300000.0,700000.0,2024.0
291,Micro-286,1.0,2019.0,4,2.0,3.0,4.0,1685000,920000.0,1240000.0,2000000.0,3000000,2000000.0,2500000.0,3500000.0,2024.0
292,Micro-287,1.0,2019.0,4,2.0,3.0,4.0,2430000,1390000.0,1920000.0,2860000.0,5000000,2800000.0,3500000.0,7000000.0,2024.0
293,Micro-288,1.0,2009.0,2,2.0,2.0,2.0,1503600,2095350.0,2588700.0,2392600.0,1810800,2452700.0,2918500.0,2580000.0,2024.0
294,Micro-289,1.0,,6,6.0,0.0,11.0,20400000,34800000.0,0.0,19600000.0,30000000,50000000.0,0.0,24000000.0,2024.0
295,Micro-290,1.0,2022.0,1,1.0,1.0,1.0,65000,75000.0,82000.0,95000.0,150000,200000.0,230000.0,500000.0,2024.0
296,Micro-291,1.0,2019.0,1,1.0,1.0,1.0,823000,823000.0,1038000.0,1235000.0,1500000,2000000.0,2500000.0,3000000.0,2024.0
297,Micro-292,1.0,2023.0,1,1.0,1.0,1.0,12000,12000.0,13000.0,15000.0,360000,360000.0,380000.0,400000.0,2024.0
298,Micro-293,1.0,2019.0,1,1.0,1.0,1.0,75000,90000.0,90000.0,87000.0,300000,350000.0,350000.0,400000.0,2024.0
299,Micro-294,1.0,2019.0,1,1.0,1.0,1.0,246000,62000.0,282500.0,279000.0,600000,500000.0,530000.0,730000.0,2024.0
300,Micro-295,1.0,,1,1.0,0.0,0.0,0,0.0,3025000.0,3773000.0,3550000,5075000.0,0.0,0.0,2024.0
301,Micro-296,1.0,,1,0.0,0.0,0.0,5960000,0.0,0.0,0.0,6050000,0.0,0.0,0.0,2024.0
302,Micro-297,1.0,,1,1.0,0.0,0.0,2106000,2322000.0,0.0,0.0,3000000,2850000.0,0.0,0.0,2024.0
303,Micro-298,1.0,2010.0,1,0.0,0.0,0.0,1977000,0.0,0.0,0.0,3050000,0.0,0.0,0.0,2024.0
304,Micro-299,1.0,,1,1.0,0.0,0.0,2150000,2080000.0,0.0,0.0,3530000,40000000.0,0.0,0.0,2024.0
305,Micro-300,1.0,,4,3.0,4.0,4.0,499200,380160.0,471600.0,1323000.0,1500000,1020000.0,1944000.0,2838000.0,2024.0
306,Micro-301,1.0,,0,0.0,0.0,0.0,0,0.0,0.0,0.0,0,0.0,0.0,0.0,2024.0
307,Micro-302,1.0,2012.0,2,2.0,2.0,2.0,369600,276000.0,396000.0,498000.0,444000,324000.0,432000.0,588000.0,2024.0
308,Micro-303,1.0,2021.0,0,1.0,1.0,1.0,140000,148000.0,84000.0,287000.0,10000,15000.0,16000.0,20000.0,2024.0
309,Micro-304,1.0,,2,2.0,2.0,2.0,192000,192000.0,222000.0,186000.0,0,0.0,96000.0,1000000.0,2024.0
310,Micro-305,1.0,2020.0,3,3.0,1.0,1.0,83000,77000.0,126000.0,120000.0,0,0.0,0.0,0.0,2024.0
311,Micro-306,1.0,,1,1.0,1.0,1.0,684000,727000.0,632000.0,840000.0,0,0.0,0.0,0.0,2024.0
312,Micro-308,1.0,2009.0,2,2.0,2.0,2.0,313000,389000.0,491000.0,551000.0,0,0.0,0.0,0.0,2024.0
313,Micro-309,1.0,,1,1.0,1.0,1.0,95500,170000.0,217500.0,367000.0,100000,150000.0,175000.0,175000.0,2024.0
314,Micro-310,1.0,2019.0,1,1.0,1.0,1.0,174000,235500.0,306000.0,380000.0,0,0.0,0.0,0.0,2024.0
315,Micro-311,1.0,2020.0,1,1.0,1.0,1.0,170000,196000.0,220000.0,320000.0,0,0.0,0.0,0.0,2024.0
316,Micro-312,1.0,2022.0,0,0.0,2.0,2.0,0,0.0,343000.0,406000.0,0,0.0,730000.0,800000.0,2024.0
317,Micro-313,1.0,,1,1.0,1.0,1.0,168000,196500.0,267000.0,341500.0,210000,285000.0,290000.0,360000.0,2024.0
318,Micro-314,1.0,,1,1.0,1.0,1.0,46200,46200.0,98000.0,63000.0,210000,265000.0,240000.0,280000.0,2024.0
319,Micro-315,1.0,2013.0,0,0.0,0.0,1.0,0,0.0,0.0,0.0,0,0.0,0.0,0.0,2024.0
320,Micro-316,1.0,2019.0,1,1.0,1.0,1.0,0,0.0,0.0,209600.0,0,0.0,0.0,326600.0,2024.0
321,Micro-317,1.0,,1,0.0,0.0,0.0,0,0.0,0.0,44000.0,0,0.0,0.0,0.0,2024.0
322,Micro-318,1.0,2017.0,1,1.0,1.0,1.0,0,0.0,0.0,515500.0,0,0.0,0.0,960000.0,2024.0
323,Micro-319,1.0,,0,0.0,0.0,0.0,0,0.0,0.0,3219000.0,0,0.0,0.0,3600000.0,2024.0
324,Micro-320,1.0,2023.0,1,1.0,1.0,1.0,0,0.0,0.0,126000.0,0,0.0,0.0,0.0,2024.0
325,Micro-321,1.0,2018.0,1,1.0,1.0,1.0,0,0.0,0.0,85200.0,0,0.0,0.0,108000.0,2024.0
326,Micro-322,1.0,2020.0,1,1.0,1.0,1.0,0,0.0,0.0,21900.0,0,0.0,0.0,0.0,2024.0
327,Micro-323,1.0,,0,0.0,0.0,0.0,0,0.0,0.0,0.0,0,0.0,0.0,0.0,2024.0
328,Micro-324,1.0,,1,1.0,1.0,1.0,7600,14300.0,12500.0,2024000.0,0,0.0,0.0,0.0,2024.0
329,Micro-325,1.0,2012.0,0,0.0,0.0,1.0,1000000,0.0,0.0,223000.0,0,0.0,0.0,420000.0,2024.0
330,Micro-326,1.0,2019.0,1,1.0,1.0,1.0,1477000,827000.0,1009000.0,1558000.0,200000,1200000.0,1800000.0,2400000.0,2024.0
331,Micro-327,1.0,2019.0,1,1.0,1.0,1.0,3851000,5053000.0,8975000.0,13933000.0,6000000,10500000.0,16500000.0,24500000.0,2024.0
332,Micro-328,1.0,2020.0,1,1.0,1.0,1.0,89900,74000.0,74200.0,90500.0,200000,130000.0,130000.0,240000.0,2024.0
333,Micro-329,1.0,2013.0,2,2.0,3.0,3.0,890000,466000.0,1995000.0,2365000.0,2000000,120000.0,3000000.0,3500000.0,2024.0
334,Micro-330,1.0,2019.0,2,2.0,2.0,2.0,1509000,1919000.0,2047000.0,2341000.0,1900000,2600000.0,2750000.0,3000000.0,2024.0
335,Micro-331,1.0,2010.0,3,3.0,3.0,3.0,3300000,0.0,2120000.0,3985000.0,4500000,0.0,3500000.0,800000.0,2024.0
336,Micro-332,1.0,2019.0,8,8.0,8.0,8.0,306300,104200.0,25300.0,355500.0,600000,200000.0,300000.0,700000.0,2024.0
337,Micro-333,1.0,2017.0,3,3.0,3.0,3.0,1685000,920000.0,1240000.0,2000000.0,3000000,2000000.0,2500000.0,3500000.0,2024.0
338,Micro-334,1.0,,3,0.0,0.0,0.0,1503600,2095350.0,2588700.0,2392600.0,1810800,2452700.0,2918500.0,2580000.0,2024.0
339,Micro-335,1.0,,4,4.0,4.0,4.0,16594000,19746000.0,21506000.0,23019000.0,19913400,23695200.0,25807200.0,28086800.0,2024.0
340,Micro-336,1.0,2012.0,6,6.0,6.0,6.0,140000,148000.0,84000.0,287000.0,10000,15000.0,16000.0,20000.0,2024.0
341,Micro-337,1.0,2016.0,8,8.0,6.0,6.0,192000,192000.0,222000.0,186000.0,0,0.0,96000.0,1000000.0,2024.0
342,Micro-338,1.0,,3,2.0,2.0,2.0,83000,77000.0,126000.0,120000.0,0,0.0,0.0,0.0,2024.0
343,Micro-339,1.0,2015.0,6,1.0,3.0,6.0,684000,727000.0,632000.0,840000.0,0,0.0,0.0,0.0,2024.0
344,Micro-340,1.0,,2,2.0,2.0,2.0,40725500,46310000.0,43317000.0,49690000.0,48180000,55950000.0,51280000.0,58570000.0,2024.0
345,Micro-341,1.0,2000.0,5,3.0,2.0,4.0,18090400,23439400.0,23355400.0,25735600.0,21080000,27200000.0,26800000.0,29600000.0,2024.0
346,Micro-342,1.0,,6,3.0,3.0,4.0,6456000,8501000.0,8637000.0,14820000.0,7965000,10995000.0,12330000.0,17520000.0,2024.0
347,Micro-343,1.0,2000.0,3,2.0,2.0,2.0,0,0.0,3025000.0,3773000.0,3550000,5075000.0,0.0,0.0,2024.0
348,Micro-344,1.0,,3,0.0,1.0,2.0,5960000,0.0,0.0,0.0,6050000,0.0,0.0,0.0,2024.0
349,Micro-345,1.0,2018.0,1,1.0,1.0,1.0,1977000,0.0,0.0,0.0,3050000,0.0,0.0,0.0,2024.0
350,Micro-346,1.0,2007.0,2,2.0,2.0,2.0,2150000,2080000.0,0.0,0.0,3530000,40000000.0,0.0,0.0,2024.0
351,Micro-347,1.0,,2,2.0,2.0,2.0,499200,380160.0,471600.0,1323000.0,1500000,1020000.0,1944000.0,2838000.0,2024.0
352,Micro-348,1.0,2017.0,1,1.0,1.0,1.0,0,0.0,0.0,0.0,0,0.0,0.0,0.0,2024.0
353,Micro-348,1.0,,1,1.0,1.0,1.0,369600,276000.0,396000.0,498000.0,444000,324000.0,432000.0,588000.0,2024.0
354,Micro-348,1.0,2017.0,1,1.0,1.0,1.0,0,0.0,0.0,0.0,0,0.0,0.0,0.0,2024.0
355,Micro-348,1.0,,1,1.0,1.0,1.0,369600,276000.0,396000.0,498000.0,444000,324000.0,432000.0,588000.0,2024.0
356,Micro-349,1.0,2020.0,2,2.0,2.0,2.0,4215600,13467600.0,14367600.0,17972400.0,750000,1300000.0,1400000.0,1745000.0,2024.0
357,Micro-350,1.0,2014.0,2,2.0,2.0,2.0,140000,148000.0,84000.0,287000.0,10000,15000.0,16000.0,20000.0,2024.0
358,Micro-351,1.0,2019.0,3,3.0,3.0,3.0,192000,192000.0,222000.0,186000.0,0,0.0,96000.0,1000000.0,2024.0
359,Micro-352,1.0,1987.0,2,2.0,2.0,2.0,83000,77000.0,126000.0,120000.0,0,0.0,0.0,0.0,2024.0
360,Micro-353,1.0,2011.0,6,6.0,6.0,6.0,684000,727000.0,632000.0,840000.0,0,0.0,0.0,0.0,2024.0
361,Micro-354,1.0,,1,1.0,1.0,1.0,40725500,46310000.0,43317000.0,49690000.0,48180000,55950000.0,51280000.0,58570000.0,2024.0
362,Micro-355,1.0,1996.0,6,7.0,8.0,11.0,6456000,8501000.0,8637000.0,14820000.0,7965000,10995000.0,12330000.0,17520000.0,2024.0
363,Micro-356,1.0,,1,1.0,1.0,1.0,0,0.0,3025000.0,3773000.0,3550000,5075000.0,0.0,0.0,2024.0
364,Micro-357,1.0,,4,4.0,2.0,2.0,5960000,0.0,0.0,0.0,6050000,0.0,0.0,0.0,2024.0
365,Micro-358,1.0,2015.0,11,9.0,4.0,4.0,2106000,2322000.0,0.0,0.0,3000000,2850000.0,0.0,0.0,2024.0
366,Micro-359,1.0,2020.0,1,1.0,1.0,1.0,1977000,0.0,0.0,0.0,3050000,0.0,0.0,0.0,2024.0
367,Micro-360,1.0,,3,3.0,2.0,3.0,0,0.0,0.0,0.0,0,0.0,0.0,0.0,2024.0
368,Micro-361,1.0,,2,2.0,2.0,2.0,192000,192000.0,222000.0,186000.0,0,0.0,96000.0,1000000.0,2024.0
369,Micro-362,1.0,2020.0,3,3.0,1.0,1.0,83000,77000.0,126000.0,120000.0,0,0.0,0.0,0.0,2024.0
370,Micro-363,1.0,,1,1.0,1.0,1.0,684000,727000.0,632000.0,840000.0,0,0.0,0.0,0.0,2024.0
371,Micro-364,1.0,2019.0,1,1.0,1.0,1.0,274000,291500.0,311500.0,321000.0,450000,560000.0,750000.0,1000000.0,2024.0
372,Micro-365,1.0,2009.0,2,2.0,2.0,2.0,313000,389000.0,491000.0,551000.0,0,0.0,0.0,0.0,2024.0
373,Micro-366,1.0,,1,1.0,1.0,1.0,95500,170000.0,217500.0,367000.0,100000,150000.0,175000.0,175000.0,2024.0
374,Micro-367,1.0,2019.0,1,1.0,1.0,1.0,174000,235500.0,306000.0,380000.0,0,0.0,0.0,0.0,2024.0
375,Micro-368,1.0,2020.0,1,1.0,1.0,1.0,170000,196000.0,220000.0,320000.0,0,0.0,0.0,0.0,2024.0
376,Micro-369,1.0,2022.0,0,0.0,2.0,2.0,0,0.0,343000.0,406000.0,0,0.0,730000.0,800000.0,2024.0
377,Micro-370,1.0,2026.0,1,1.0,1.0,1.0,46200,46200.0,98000.0,63000.0,210000,265000.0,240000.0,280000.0,2024.0
378,Micro-371,1.0,2015.0,24,32.0,32.0,36.0,14051100,15232500.0,14137100.0,10839000.0,15000000,10000000.0,16500000.0,17000000.0,2024.0
379,Micro-372,1.0,2010.0,8,9.0,9.0,11.0,3326000,3355000.0,4359500.0,5213700.0,3622000,4054000.0,4720000.0,7627000.0,2024.0
380,Micro-378,1.0,2008.0,14,16.0,16.0,19.0,22265100,22540540.0,24529280.0,26583220.0,26236538,24450512.0,26220580.0,32397900.0,2024.0
381,Micro-379,1.0,2019.0,14,15.0,15.0,16.0,21589000,21669000.0,22379500.0,23743780.0,24334000,20540000.0,23400000.0,2712000.0,2024.0
382,Micro-380,1.0,2013.0,0,0.0,0.0,1.0,0,0.0,0.0,0.0,0,0.0,0.0,0.0,2024.0
383,Micro-381,1.0,2019.0,1,1.0,1.0,1.0,0,0.0,0.0,209600.0,0,0.0,0.0,326600.0,2024.0
384,Micro-382,1.0,2019.0,1,1.0,1.0,0.0,192000,192000.0,222000.0,186000.0,0,0.0,96000.0,1000000.0,2024.0
385,Micro-383,1.0,2020.0,2,2.0,2.0,2.0,83000,77000.0,126000.0,120000.0,0,0.0,0.0,0.0,2024.0
386,Micro-384,1.0,2019.0,2,2.0,2.0,3.0,684000,727000.0,632000.0,840000.0,0,0.0,0.0,0.0,2024.0
387,Micro-385,1.0,2019.0,3,3.0,3.0,3.0,40725500,46310000.0,43317000.0,49690000.0,48180000,55950000.0,51280000.0,58570000.0,2024.0
388,Micro-386,1.0,2014.0,4,4.0,4.0,4.0,18090400,23439400.0,23355400.0,25735600.0,21080000,27200000.0,26800000.0,29600000.0,2024.0
389,Micro-387,1.0,2018.0,3,3.0,3.0,3.0,6456000,8501000.0,8637000.0,14820000.0,7965000,10995000.0,12330000.0,17520000.0,2024.0
390,Micro-388,1.0,2019.0,4,4.0,4.0,4.0,0,0.0,3025000.0,3773000.0,3550000,5075000.0,0.0,0.0,2024.0
391,Micro-389,1.0,2015.0,3,3.0,3.0,3.0,5960000,0.0,0.0,0.0,6050000,0.0,0.0,0.0,2024.0
392,Micro-390,1.0,2019.0,2,2.0,2.0,2.0,2106000,2322000.0,0.0,0.0,3000000,2850000.0,0.0,0.0,2024.0
393,Micro-391,1.0,2018.0,1,1.0,1.0,1.0,1977000,0.0,0.0,0.0,3050000,0.0,0.0,0.0,2024.0
394,Micro-392,1.0,2020.0,2,2.0,2.0,2.0,2150000,2080000.0,0.0,0.0,3530000,40000000.0,0.0,0.0,2024.0
395,Micro-393,1.0,2015.0,1,1.0,1.0,1.0,499200,380160.0,471600.0,1323000.0,1500000,1020000.0,1944000.0,2838000.0,2024.0
396,Micro-394,1.0,2014.0,4,4.0,4.0,5.0,369600,276000.0,396000.0,498000.0,444000,324000.0,432000.0,588000.0,2024.0
397,Micro-395,1.0,,2,2.0,2.0,2.0,4215600,13467600.0,14367600.0,17972400.0,750000,1300000.0,1400000.0,1745000.0,2024.0
398,Micro-396,1.0,,1,1.0,1.0,1.0,140000,148000.0,84000.0,287000.0,10000,15000.0,16000.0,20000.0,2024.0
399,Micro-397,1.0,2014.0,3,2.0,2.0,3.0,192000,192000.0,222000.0,186000.0,0,0.0,96000.0,1000000.0,2024.0
400,Micro-398,1.0,,1,1.0,1.0,1.0,83000,77000.0,126000.0,120000.0,0,0.0,0.0,0.0,2024.0
401,Micro-399,1.0,2020.0,4,5.0,4.0,5.0,684000,727000.0,632000.0,840000.0,0,0.0,0.0,0.0,2024.0
402,Micro-400,1.0,2018.0,3,3.0,3.0,3.0,40725500,46310000.0,43317000.0,49690000.0,48180000,55950000.0,51280000.0,58570000.0,2024.0
403,Micro-401,1.0,2020.0,4,6.0,6.0,6.0,18090400,23439400.0,23355400.0,25735600.0,21080000,27200000.0,26800000.0,29600000.0,2024.0
404,Micro-402,1.0,,4,3.0,1.0,1.0,6456000,8501000.0,8637000.0,14820000.0,7965000,10995000.0,12330000.0,17520000.0,2024.0
405,Micro-403,1.0,2018.0,2,2.0,2.0,2.0,0,0.0,3025000.0,3773000.0,3550000,5075000.0,0.0,0.0,2024.0
406,Micro-403,1.0,2013.0,2,2.0,2.0,2.0,5960000,0.0,0.0,0.0,6050000,0.0,0.0,0.0,2024.0
407,Micro-403,1.0,2018.0,2,2.0,2.0,2.0,0,0.0,3025000.0,3773000.0,3550000,5075000.0,0.0,0.0,2024.0
408,Micro-403,1.0,2013.0,2,2.0,2.0,2.0,5960000,0.0,0.0,0.0,6050000,0.0,0.0,0.0,2024.0
409,Micro-404,1.0,2017.0,5,5.0,6.0,7.0,2106000,2322000.0,0.0,0.0,3000000,2850000.0,0.0,0.0,2024.0
410,Micro-405,1.0,,2,2.0,2.0,2.0,1977000,0.0,0.0,0.0,3050000,0.0,0.0,0.0,2024.0
411,Micro-406,1.0,2004.0,1,1.0,1.0,1.0,2150000,2080000.0,0.0,0.0,3530000,40000000.0,0.0,0.0,2024.0
412,Micro-407,1.0,2014.0,3,3.0,3.0,3.0,499200,380160.0,471600.0,1323000.0,1500000,1020000.0,1944000.0,2838000.0,2024.0
413,Micro-408,1.0,,3,3.0,3.0,3.0,0,0.0,0.0,0.0,0,0.0,0.0,0.0,2024.0
414,Micro-409,1.0,,1,1.0,1.0,1.0,140000,148000.0,84000.0,287000.0,10000,15000.0,16000.0,20000.0,2024.0
415,Micro-410,1.0,2020.0,1,1.0,1.0,1.0,192000,192000.0,222000.0,186000.0,0,0.0,96000.0,1000000.0,2024.0
416,Micro-411,1.0,2021.0,6,6.0,6.0,6.0,83000,77000.0,126000.0,120000.0,0,0.0,0.0,0.0,2024.0
417,Micro-412,1.0,2019.0,3,3.0,3.0,3.0,684000,727000.0,632000.0,840000.0,0,0.0,0.0,0.0,2024.0
418,Micro-413,1.0,2020.0,1,1.0,1.0,1.0,40725500,46310000.0,43317000.0,49690000.0,48180000,55950000.0,51280000.0,58570000.0,2024.0
419,Micro-414,1.0,2020.0,0,0.0,0.0,0.0,18090400,23439400.0,23355400.0,25735600.0,21080000,27200000.0,26800000.0,29600000.0,2024.0
420,Micro-415,1.0,2005.0,4,4.0,4.0,4.0,6456000,8501000.0,8637000.0,14820000.0,7965000,10995000.0,12330000.0,17520000.0,2024.0
421,Micro-416,1.0,2014.0,5,5.0,5.0,5.0,0,0.0,3025000.0,3773000.0,3550000,5075000.0,0.0,0.0,2024.0
422,Micro-417,1.0,,1,1.0,1.0,1.0,5960000,0.0,0.0,0.0,6050000,0.0,0.0,0.0,2024.0
423,Micro-418,1.0,2020.0,2,1.0,2.0,1.0,2106000,2322000.0,0.0,0.0,3000000,2850000.0,0.0,0.0,2024.0
424,Micro-419,1.0,2010.0,1,1.0,1.0,1.0,1977000,0.0,0.0,0.0,3050000,0.0,0.0,0.0,2024.0
425,Micro-420,1.0,2008.0,1,1.0,1.0,1.0,2150000,2080000.0,0.0,0.0,3530000,40000000.0,0.0,0.0,2024.0
426,Micro-421,1.0,2020.0,1,0.0,0.0,1.0,499200,380160.0,471600.0,1323000.0,1500000,1020000.0,1944000.0,2838000.0,2024.0
427,Micro-422,1.0,2010.0,1,1.0,1.0,1.0,0,0.0,0.0,0.0,0,0.0,0.0,0.0,2024.0
428,Micro-423,1.0,1980.0,3,1.0,1.0,2.0,369600,276000.0,396000.0,498000.0,444000,324000.0,432000.0,588000.0,2024.0
429,Micro-424,1.0,2020.0,1,1.0,1.0,1.0,4215600,13467600.0,14367600.0,17972400.0,750000,1300000.0,1400000.0,1745000.0,2024.0
430,Micro-425,1.0,2003.0,2,2.0,2.0,2.0,192000,192000.0,222000.0,186000.0,0,0.0,96000.0,1000000.0,2024.0
431,Micro-426,1.0,2002.0,0,0.0,0.0,0.0,83000,77000.0,126000.0,120000.0,0,0.0,0.0,0.0,2024.0
432,Micro-427,1.0,2023.0,0,0.0,0.0,2.0,684000,727000.0,632000.0,840000.0,0,0.0,0.0,0.0,2024.0
433,Micro-428,1.0,2018.0,0,0.0,0.0,1.0,40725500,46310000.0,43317000.0,49690000.0,48180000,55950000.0,51280000.0,58570000.0,2024.0
434,Micro-429,1.0,2020.0,0,0.0,0.0,1.0,18090400,23439400.0,23355400.0,25735600.0,21080000,27200000.0,26800000.0,29600000.0,2024.0
435,Micro-430,1.0,2015.0,1,1.0,1.0,1.0,6456000,8501000.0,8637000.0,14820000.0,7965000,10995000.0,12330000.0,17520000.0,2024.0
436,Micro-431,1.0,2013.0,0,0.0,0.0,1.0,0,0.0,3025000.0,3773000.0,3550000,5075000.0,0.0,0.0,2024.0
437,Micro-432,1.0,2019.0,0,0.0,0.0,1.0,5960000,0.0,0.0,0.0,6050000,0.0,0.0,0.0,2024.0
438,Micro-433,1.0,2016.0,0,0.0,0.0,2.0,2106000,2322000.0,0.0,0.0,3000000,2850000.0,0.0,0.0,2024.0
439,Micro-434,1.0,2009.0,1,1.0,1.0,1.0,1977000,0.0,0.0,0.0,3050000,0.0,0.0,0.0,2024.0
440,Micro-435,1.0,2020.0,3,3.0,3.0,3.0,2150000,2080000.0,0.0,0.0,3530000,40000000.0,0.0,0.0,2024.0
441,Micro-436,1.0,1993.0,18,3.0,3.0,3.0,499200,380160.0,471600.0,1323000.0,1500000,1020000.0,1944000.0,2838000.0,2024.0
442,Micro-437,1.0,2018.0,3,3.0,3.0,3.0,0,0.0,0.0,0.0,0,0.0,0.0,0.0,2024.0
443,Micro-438,1.0,2016.0,2,2.0,2.0,2.0,369600,276000.0,396000.0,498000.0,444000,324000.0,432000.0,588000.0,2024.0
444,Micro-439,1.0,2002.0,4,4.0,4.0,4.0,4215600,13467600.0,14367600.0,17972400.0,750000,1300000.0,1400000.0,1745000.0,2024.0
445,Micro-440,1.0,,6,6.0,6.0,5.0,140000,148000.0,84000.0,287000.0,10000,15000.0,16000.0,20000.0,2024.0
446,Micro-441,1.0,2015.0,1,1.0,1.0,4.0,192000,192000.0,222000.0,186000.0,0,0.0,96000.0,1000000.0,2024.0
447,Micro-442,1.0,,1,1.0,2.0,3.0,83000,77000.0,126000.0,120000.0,0,0.0,0.0,0.0,2024.0
448,Micro-443,1.0,,0,0.0,0.0,0.0,684000,727000.0,632000.0,840000.0,0,0.0,0.0,0.0,2024.0
449,Micro-444,1.0,,2,2.0,3.0,4.0,40725500,46310000.0,43317000.0,49690000.0,48180000,55950000.0,51280000.0,58570000.0,2024.0
450,Micro-445,1.0,2003.0,5,5.0,5.0,5.0,18090400,23439400.0,23355400.0,25735600.0,21080000,27200000.0,26800000.0,29600000.0,2024.0
451,Micro-446,1.0,2000.0,6,6.0,11.0,11.0,6456000,8501000.0,8637000.0,14820000.0,7965000,10995000.0,12330000.0,17520000.0,2024.0
452,Micro-447,1.0,1996.0,2,2.0,1.0,1.0,0,0.0,3025000.0,3773000.0,3550000,5075000.0,0.0,0.0,2024.0
453,Micro-448,1.0,2012.0,4,0.0,0.0,1.0,5960000,0.0,0.0,0.0,6050000,0.0,0.0,0.0,2024.0
454,Micro-450,1.0,2012.0,1,1.0,1.0,1.0,1977000,0.0,0.0,0.0,3050000,0.0,0.0,0.0,2024.0
455,Micro-451,1.0,,1,1.0,1.0,1.0,2150000,2080000.0,0.0,0.0,3530000,40000000.0,0.0,0.0,2024.0
456,Micro-452,1.0,2017.0,2,2.0,2.0,2.0,499200,380160.0,471600.0,1323000.0,1500000,1020000.0,1944000.0,2838000.0,2024.0
457,Micro-453,1.0,2008.0,1,1.0,1.0,1.0,0,0.0,0.0,0.0,0,0.0,0.0,0.0,2024.0
458,Micro-454,1.0,2018.0,1,1.0,1.0,1.0,369600,276000.0,396000.0,498000.0,444000,324000.0,432000.0,588000.0,2024.0
459,Micro-455,1.0,2014.0,1,1.0,1.0,1.0,4215600,13467600.0,14367600.0,17972400.0,750000,1300000.0,1400000.0,1745000.0,2024.0
460,Micro-456,1.0,2019.0,6,6.0,6.0,6.0,192000,192000.0,222000.0,186000.0,0,0.0,96000.0,1000000.0,2024.0
461,Micro-457,1.0,2016.0,1,1.0,1.0,1.0,83000,77000.0,126000.0,120000.0,0,0.0,0.0,0.0,2024.0
462,Micro-458,1.0,2017.0,1,1.0,1.0,1.0,684000,727000.0,632000.0,840000.0,0,0.0,0.0,0.0,2024.0
463,Micro-459,1.0,2020.0,1,1.0,1.0,1.0,40725500,46310000.0,43317000.0,49690000.0,48180000,55950000.0,51280000.0,58570000.0,2024.0
464,Micro-460,1.0,2018.0,1,1.0,1.0,1.0,18090400,23439400.0,23355400.0,25735600.0,21080000,27200000.0,26800000.0,29600000.0,2024.0
465,Micro-461,1.0,2016.0,2,2.0,2.0,2.0,6456000,8501000.0,8637000.0,14820000.0,7965000,10995000.0,12330000.0,17520000.0,2024.0
466,Micro-462,1.0,2020.0,2,2.0,2.0,2.0,0,0.0,3025000.0,3773000.0,3550000,5075000.0,0.0,0.0,2024.0
467,Micro-463,1.0,2007.0,1,1.0,1.0,1.0,5960000,0.0,0.0,0.0,6050000,0.0,0.0,0.0,2024.0
468,Micro-464,1.0,2020.0,1,1.0,1.0,1.0,2106000,2322000.0,0.0,0.0,3000000,2850000.0,0.0,0.0,2024.0
469,Micro-465,1.0,2020.0,2,2.0,2.0,2.0,1977000,0.0,0.0,0.0,3050000,0.0,0.0,0.0,2024.0
470,Micro-466,1.0,2006.0,2,2.0,2.0,2.0,2150000,2080000.0,0.0,0.0,3530000,40000000.0,0.0,0.0,2024.0
471,Micro-467,1.0,2010.0,2,2.0,2.0,2.0,499200,380160.0,471600.0,1323000.0,1500000,1020000.0,1944000.0,2838000.0,2024.0
472,Micro-467,1.0,2020.0,1,1.0,1.0,1.0,4215600,13467600.0,14367600.0,17972400.0,750000,1300000.0,1400000.0,1745000.0,2024.0
473,Micro-467,1.0,2010.0,2,2.0,2.0,2.0,499200,380160.0,471600.0,1323000.0,1500000,1020000.0,1944000.0,2838000.0,2024.0
474,Micro-467,1.0,2020.0,1,1.0,1.0,1.0,4215600,13467600.0,14367600.0,17972400.0,750000,1300000.0,1400000.0,1745000.0,2024.0
475,Micro-468,1.0,2019.0,3,3.0,3.0,3.0,0,0.0,0.0,0.0,0,0.0,0.0,0.0,2024.0
476,Micro-468,1.0,,6,3.0,1.0,3.0,192000,192000.0,222000.0,186000.0,0,0.0,96000.0,1000000.0,2024.0
477,Micro-468,1.0,2019.0,3,3.0,3.0,3.0,0,0.0,0.0,0.0,0,0.0,0.0,0.0,2024.0
478,Micro-468,1.0,,6,3.0,1.0,3.0,192000,192000.0,222000.0,186000.0,0,0.0,96000.0,1000000.0,2024.0
479,Micro-469,1.0,2017.0,3,3.0,2.0,1.0,83000,77000.0,126000.0,120000.0,0,0.0,0.0,0.0,2024.0
480,Micro-470,1.0,2016.0,4,3.0,3.0,3.0,684000,727000.0,632000.0,840000.0,0,0.0,0.0,0.0,2024.0
481,Micro-471,1.0,,3,3.0,3.0,3.0,40725500,46310000.0,43317000.0,49690000.0,48180000,55950000.0,51280000.0,58570000.0,2024.0
482,Micro-472,1.0,,2,2.0,2.0,3.0,18090400,23439400.0,23355400.0,25735600.0,21080000,27200000.0,26800000.0,29600000.0,2024.0
483,Micro-473,1.0,2021.0,4,5.0,5.0,5.0,6456000,8501000.0,8637000.0,14820000.0,7965000,10995000.0,12330000.0,17520000.0,2024.0
484,Micro-474,1.0,2014.0,4,4.0,4.0,4.0,0,0.0,3025000.0,3773000.0,3550000,5075000.0,0.0,0.0,2024.0
485,Micro-475,1.0,,0,0.0,1.0,1.0,5960000,0.0,0.0,0.0,6050000,0.0,0.0,0.0,2024.0
486,Micro-476,1.0,2021.0,1,0.0,1.0,1.0,2106000,2322000.0,0.0,0.0,3000000,2850000.0,0.0,0.0,2024.0
487,Micro-477,1.0,2019.0,1,1.0,1.0,1.0,1977000,0.0,0.0,0.0,3050000,0.0,0.0,0.0,2024.0
488,Micro-478,1.0,2018.0,1,1.0,1.0,1.0,2150000,2080000.0,0.0,0.0,3530000,40000000.0,0.0,0.0,2024.0
489,Micro-479,1.0,2020.0,2,2.0,2.0,1.0,499200,380160.0,471600.0,1323000.0,1500000,1020000.0,1944000.0,2838000.0,2024.0
490,Micro-480,1.0,2000.0,3,3.0,3.0,3.0,0,0.0,0.0,0.0,0,0.0,0.0,0.0,2024.0
491,Micro-481,1.0,1990.0,2,2.0,2.0,2.0,369600,276000.0,396000.0,498000.0,444000,324000.0,432000.0,588000.0,2024.0
492,Micro-482,1.0,2010.0,0,0.0,0.0,2.0,4215600,13467600.0,14367600.0,17972400.0,750000,1300000.0,1400000.0,1745000.0,2024.0
493,Micro-483,1.0,,2,2.0,2.0,2.0,140000,148000.0,84000.0,287000.0,10000,15000.0,16000.0,20000.0,2024.0
494,Micro-484,1.0,2017.0,2,2.0,2.0,2.0,192000,192000.0,222000.0,186000.0,0,0.0,96000.0,1000000.0,2024.0
495,Micro-485,1.0,2017.0,6,4.0,2.0,2.0,83000,77000.0,126000.0,120000.0,0,0.0,0.0,0.0,2024.0
496,Micro-486,1.0,,1,1.0,1.0,1.0,684000,727000.0,632000.0,840000.0,0,0.0,0.0,0.0,2024.0
497,Micro-487,1.0,,2,2.0,3.0,3.0,40725500,46310000.0,43317000.0,49690000.0,48180000,55950000.0,51280000.0,58570000.0,2024.0
498,Micro-488,1.0,2002.0,5,4.0,5.0,5.0,18090400,23439400.0,23355400.0,25735600.0,21080000,27200000.0,26800000.0,29600000.0,2024.0
499,Micro-489,1.0,2018.0,1,2.0,3.0,3.0,6456000,8501000.0,8637000.0,14820000.0,7965000,10995000.0,12330000.0,17520000.0,2024.0
500,Micro-490,1.0,,3,3.0,3.0,4.0,0,0.0,3025000.0,3773000.0,3550000,5075000.0,0.0,0.0,2024.0
501,Micro-491,1.0,2012.0,1,1.0,1.0,1.0,5960000,0.0,0.0,0.0,6050000,0.0,0.0,0.0,2024.0
502,Micro-492,1.0,2018.0,2,2.0,2.0,2.0,2106000,2322000.0,0.0,0.0,3000000,2850000.0,0.0,0.0,2024.0
503,Micro-493,1.0,1971.0,2,2.0,1.0,1.0,1977000,0.0,0.0,0.0,3050000,0.0,0.0,0.0,2024.0
504,Micro-494,1.0,1990.0,8,8.0,8.0,8.0,2150000,2080000.0,0.0,0.0,3530000,40000000.0,0.0,0.0,2024.0
505,Micro-496,1.0,1985.0,2,2.0,2.0,2.0,499200,380160.0,471600.0,1323000.0,1500000,1020000.0,1944000.0,2838000.0,2024.0
506,Micro-497,1.0,1988.0,2,2.0,2.0,2.0,0,0.0,0.0,0.0,0,0.0,0.0,0.0,2024.0
507,Micro-498,1.0,2015.0,1,1.0,1.0,1.0,369600,276000.0,396000.0,498000.0,444000,324000.0,432000.0,588000.0,2024.0
508,Micro-499,1.0,2016.0,1,1.0,1.0,1.0,4215600,13467600.0,14367600.0,17972400.0,750000,1300000.0,1400000.0,1745000.0,2024.0
509,Micro-500,1.0,2018.0,2,2.0,2.0,2.0,140000,148000.0,84000.0,287000.0,10000,15000.0,16000.0,20000.0,2024.0
510,Micro-501,1.0,2018.0,1,1.0,2.0,2.0,192000,192000.0,222000.0,186000.0,0,0.0,96000.0,1000000.0,2024.0
511,Micro-502,1.0,2016.0,2,2.0,2.0,2.0,83000,77000.0,126000.0,120000.0,0,0.0,0.0,0.0,2024.0
512,Micro-503,1.0,2019.0,3,3.0,3.0,7.0,684000,727000.0,632000.0,840000.0,0,0.0,0.0,0.0,2024.0
513,Micro-504,1.0,2019.0,3,3.0,4.0,4.0,0,0.0,0.0,0.0,1650000,1550000.0,1850000.0,40725500.0,2024.0
514,Micro-505,1.0,2017.0,0,0.0,5.0,5.0,0,0.0,0.0,0.0,280000,300000.0,300000.0,18090400.0,2024.0
515,Micro-506,1.0,2014.0,2,2.0,3.0,3.0,0,0.0,0.0,0.0,925000,850000.0,1240000.0,6456000.0,2024.0
516,Micro-507,1.0,2019.0,0,0.0,5.0,5.0,0,0.0,150000.0,0.0,0,100000.0,120000.0,0.0,2024.0
517,Micro-507,1.0,,1,1.0,2.0,2.0,0,0.0,0.0,0.0,0,0.0,0.0,499200.0,2024.0
518,Micro-507,1.0,2019.0,0,0.0,5.0,5.0,0,0.0,150000.0,0.0,0,100000.0,120000.0,0.0,2024.0
519,Micro-507,1.0,,1,1.0,2.0,2.0,0,0.0,0.0,0.0,0,0.0,0.0,499200.0,2024.0
520,Micro-508,1.0,2013.0,3,3.0,4.0,4.0,500000,0.0,0.0,0.0,0,0.0,0.0,1977000.0,2024.0
521,Micro-508,1.0,2015.0,0,2.0,2.0,2.0,0,0.0,0.0,0.0,0,0.0,0.0,0.0,2024.0
522,Micro-508,1.0,2013.0,3,3.0,4.0,4.0,500000,0.0,0.0,0.0,0,0.0,0.0,1977000.0,2024.0
523,Micro-508,1.0,2015.0,0,2.0,2.0,2.0,0,0.0,0.0,0.0,0,0.0,0.0,0.0,2024.0
524,Micro-509,1.0,2003.0,4,4.0,4.0,4.0,400000,500000.0,0.0,0.0,75000,0.0,0.0,2150000.0,2024.0
525,Micro-509,1.0,2018.0,2,2.0,3.0,2.0,0,0.0,0.0,0.0,0,0.0,0.0,369600.0,2024.0
526,Micro-509,1.0,2003.0,4,4.0,4.0,4.0,400000,500000.0,0.0,0.0,75000,0.0,0.0,2150000.0,2024.0
527,Micro-509,1.0,2018.0,2,2.0,3.0,2.0,0,0.0,0.0,0.0,0,0.0,0.0,369600.0,2024.0
528,Micro-510,1.0,2014.0,0,1.0,1.0,1.0,0,0.0,0.0,0.0,0,0.0,0.0,4215600.0,2024.0
529,Micro-511,1.0,2009.0,0,0.0,3.0,3.0,192000,192000.0,222000.0,186000.0,0,0.0,96000.0,1000000.0,2024.0
530,Micro-512,1.0,2012.0,1,1.0,1.0,1.0,18090400,23439400.0,23355400.0,25735600.0,21080000,27200000.0,26800000.0,29600000.0,2024.0
531,Micro-513,1.0,2015.0,18,18.0,10.0,8.0,1977000,0.0,0.0,0.0,3050000,0.0,0.0,0.0,2024.0
532,Micro-514,1.0,2019.0,4,4.0,4.0,6.0,192000,192000.0,222000.0,186000.0,0,0.0,96000.0,1000000.0,2024.0
533,Micro-515,1.0,1994.0,0,2.0,2.0,2.0,83000,77000.0,126000.0,120000.0,0,0.0,0.0,0.0,2024.0
534,Micro-516,1.0,2021.0,0,0.0,1.0,1.0,684000,727000.0,632000.0,840000.0,0,0.0,0.0,0.0,2024.0
535,Micro-517,1.0,2019.0,0,2.0,2.0,2.0,40725500,46310000.0,43317000.0,49690000.0,48180000,55950000.0,51280000.0,58570000.0,2024.0
536,Micro-518,1.0,2018.0,0,0.0,1.0,1.0,18090400,23439400.0,23355400.0,25735600.0,21080000,27200000.0,26800000.0,29600000.0,2024.0
537,Micro-519,1.0,2014.0,0,0.0,1.0,1.0,6456000,8501000.0,8637000.0,14820000.0,7965000,10995000.0,12330000.0,17520000.0,2024.0
538,Micro-520,1.0,1990.0,0,0.0,3.0,3.0,0,0.0,3025000.0,3773000.0,3550000,5075000.0,0.0,0.0,2024.0
539,Micro-521,1.0,1990.0,8,8.0,8.0,10.0,5960000,0.0,0.0,0.0,6050000,0.0,0.0,0.0,2024.0
540,Micro-522,1.0,2019.0,2,2.0,2.0,2.0,2106000,2322000.0,0.0,0.0,3000000,2850000.0,0.0,0.0,2024.0
541,Micro-523,1.0,2010.0,9,9.0,4.0,4.0,1977000,0.0,0.0,0.0,3050000,0.0,0.0,0.0,2024.0
542,Micro-524,1.0,2015.0,0,0.0,5.0,5.0,2150000,2080000.0,0.0,0.0,3530000,40000000.0,0.0,0.0,2024.0
543,Micro-525,1.0,,0,0.0,1.0,1.0,499200,380160.0,471600.0,1323000.0,1500000,1020000.0,1944000.0,2838000.0,2024.0
544,Micro-526,1.0,2019.0,1,1.0,1.0,0.0,0,0.0,0.0,0.0,0,0.0,0.0,0.0,2024.0
545,Micro-527,1.0,2018.0,2,2.0,2.0,2.0,369600,276000.0,396000.0,498000.0,444000,324000.0,432000.0,588000.0,2024.0
546,Micro-528,1.0,2000.0,2,2.0,2.0,2.0,4215600,13467600.0,14367600.0,17972400.0,750000,1300000.0,1400000.0,1745000.0,2024.0
547,Micro-529,1.0,2015.0,0,1.0,1.0,1.0,140000,148000.0,84000.0,287000.0,10000,15000.0,16000.0,20000.0,2024.0
548,Micro-530,1.0,2019.0,0,1.0,1.0,1.0,83000,77000.0,126000.0,120000.0,0,0.0,0.0,0.0,2024.0
549,Micro-531,1.0,,1,1.0,1.0,1.0,192000,192000.0,222000.0,186000.0,0,0.0,96000.0,1000000.0,2024.0
550,Micro-532,1.0,2010.0,0,0.0,2.0,2.0,83000,77000.0,126000.0,120000.0,0,0.0,0.0,0.0,2024.0
551,Micro-533,1.0,2016.0,0,1.0,1.0,1.0,684000,727000.0,632000.0,840000.0,0,0.0,0.0,0.0,2024.0
552,Micro-544,1.0,2015.0,0,0.0,1.0,1.0,40725500,46310000.0,43317000.0,49690000.0,48180000,55950000.0,51280000.0,58570000.0,2024.0
553,Micro-545,1.0,2008.0,0,1.0,1.0,1.0,18090400,23439400.0,23355400.0,25735600.0,21080000,27200000.0,26800000.0,29600000.0,2024.0
554,Micro-546,1.0,2018.0,0,0.0,1.0,5.0,6456000,8501000.0,8637000.0,14820000.0,7965000,10995000.0,12330000.0,17520000.0,2024.0
555,Micro-547,1.0,2010.0,7,6.0,4.0,6.0,0,0.0,3025000.0,3773000.0,3550000,5075000.0,0.0,0.0,2024.0
556,Micro-548,1.0,2002.0,1,1.0,1.0,1.0,5960000,0.0,0.0,0.0,6050000,0.0,0.0,0.0,2024.0
557,Micro-549,1.0,2019.0,0,0.0,15.0,6.0,2106000,2322000.0,0.0,0.0,3000000,2850000.0,0.0,0.0,2024.0
558,Micro-550,1.0,2009.0,10,2.0,1.0,4.0,1977000,0.0,0.0,0.0,3050000,0.0,0.0,0.0,2024.0
559,Micro-551,1.0,2000.0,0,0.0,4.0,4.0,140000,148000.0,84000.0,287000.0,10000,15000.0,16000.0,20000.0,2024.0
560,Micro-552,1.0,1994.0,5,5.0,5.0,5.0,3326000,3355000.0,4359500.0,5213700.0,3622000,4054000.0,4720000.0,7627000.0,2024.0
561,Micro-553,1.0,2006.0,6,6.0,6.0,1.0,22265100,22540540.0,24529280.0,26583220.0,26236538,24450512.0,26220580.0,32397900.0,2024.0
562,Micro-554,1.0,2015.0,0,0.0,2.0,2.0,21589000,21669000.0,22379500.0,23743780.0,24334000,20540000.0,23400000.0,2712000.0,2024.0
563,Micro-555,1.0,2020.0,1,1.0,1.0,1.0,0,0.0,0.0,0.0,0,0.0,0.0,0.0,2024.0
564,Micro-556,1.0,2008.0,0,0.0,2.0,2.0,0,0.0,0.0,209600.0,0,0.0,0.0,326600.0,2024.0
565,Micro-557,1.0,2019.0,4,4.0,4.0,4.0,2230000,3310000.0,5070000.0,5264000.0,200000,350000.0,400000.0,450000.0,2024.0
566,Micro-558,1.0,1993.0,0,0.0,1.0,1.0,196000,466000.0,689000.0,686000.0,300000,750000.0,800000.0,960000.0,2024.0
567,Micro-559,1.0,2015.0,1,1.0,1.0,1.0,1028000,629000.0,730000.0,838000.0,400000,150000.0,200000.0,200000.0,2024.0
568,Micro-560,1.0,1997.0,1,1.0,1.0,1.0,0,82000.0,78000.0,73200.0,0,59000.0,58000.0,60000.0,2024.0
569,Micro-561,1.0,2021.0,0,0.0,1.0,1.0,342300,356600.0,365500.0,374400.0,350000,380000.0,400000.0,420000.0,2024.0
570,Micro-562,1.0,1990.0,1,1.0,1.0,1.0,250000,376000.0,441500.0,186564.0,120000,160000.0,170000.0,180000.0,2024.0
571,Micro-563,1.0,2007.0,3,3.0,1.0,1.0,10460000,10572000.0,11592000.0,12570000.0,1000000,5000000.0,5500000.0,6000000.0,2024.0
572,Micro-564,1.0,2019.0,2,2.0,2.0,2.0,1124000,1126000.0,0.0,1058000.0,600000,800000.0,0.0,1200000.0,2024.0
573,Micro-565,1.0,2020.0,2,2.0,2.0,2.0,2046700,1861900.0,2012900.0,2004200.0,3600000,3700000.0,390000.0,3400000.0,2024.0
574,Micro-566,1.0,2003.0,3,3.0,3.0,3.0,483000,789000.0,999000.0,709000.0,550000,850000.0,1628000.0,1720000.0,2024.0
575,Micro-567,1.0,2009.0,4,3.0,5.0,7.0,51000,52000.0,56000.0,52000.0,120000,130000.0,130000.0,125000.0,2024.0
576,Micro-568,1.0,,8,8.0,9.0,9.0,36000,39000.0,37000.0,38000.0,100000,180000.0,320000.0,400000.0,2024.0
577,Micro-569,1.0,,2,4.0,6.0,8.0,42000,338000.0,414000.0,389900.0,432000,450000.0,480000.0,500000.0,2024.0
578,Micro-570,1.0,2018.0,1,3.0,5.0,7.0,700000,700000.0,700000.0,700000.0,60000,60000.0,60000.0,60000.0,2024.0
579,Micro-571,1.0,2015.0,1,1.0,1.0,1.0,770000,770000.0,770000.0,770000.0,50000,50000.0,50000.0,50000.0,2024.0
580,Micro-572,1.0,2009.0,15,12.0,12.0,12.0,8320000,8320000.0,8500000.0,8000000.0,1000000,1000000.0,1000000.0,1000000.0,2024.0
581,Micro-597,1.0,2005.0,11,16.0,16.0,20.0,680000,680000.0,680000.0,680000.0,50000,50000.0,50000.0,50000.0,2024.0
582,Micro-598,1.0,2021.0,1,1.0,2.0,2.0,790000,790000.0,790000.0,790000.0,100000,100000.0,100000.0,100000.0,2024.0
583,Micro-599,1.0,2017.0,1,1.0,1.0,1.0,790000,790000.0,790000.0,790000.0,50000,50000.0,50000.0,50000.0,2024.0
584,Micro-600,1.0,2018.0,1,1.0,1.0,1.0,490000,490000.0,490000.0,490000.0,100000,100000.0,100000.0,100000.0,2024.0
585,Micro-601,1.0,2006.0,3,2.0,1.0,3.0,700000,700000.0,460000.0,700000.0,100000,100000.0,100000.0,100000.0,2024.0
586,Micro-602,1.0,2018.0,2,1.0,1.0,3.0,3476000,1636000.0,848000.0,937000.0,3600000,400000.0,3500000.0,420000.0,2024.0
587,Micro-603,1.0,2020.0,4,3.0,1.0,1.0,524000,434000.0,374000.0,458000.0,600000,520000.0,500000.0,615000.0,2024.0
588,Micro-604,1.0,2020.0,1,1.0,1.0,2.0,940300,1152500.0,1626000.0,1228500.0,600000,7500000.0,800000.0,8500000.0,2024.0
589,Micro-605,1.0,2007.0,1,1.0,1.0,1.0,854000,319000.0,517000.0,593000.0,985000,300000.0,320000.0,340000.0,2024.0
590,Micro-606,1.0,2010.0,2,2.0,2.0,6.0,183800,243000.0,256600.0,281700.0,140000,183000.0,180000.0,235000.0,2024.0
591,Micro-607,1.0,2005.0,1,1.0,1.0,1.0,0,195000.0,206000.0,230000.0,0,500000.0,525000.0,650000.0,2024.0
592,Micro-608,1.0,2000.0,1,2.0,1.0,1.0,2654500,3391100.0,3473500.0,2440500.0,3100000,3575000.0,4200000.0,3800000.0,2024.0
593,Micro-609,1.0,,9,5.0,4.0,4.0,40725500,46310000.0,43317000.0,49690000.0,48180000,55950000.0,51280000.0,58570000.0,2024.0
594,Micro-610,1.0,2020.0,1,1.0,1.0,1.0,18090400,23439400.0,23355400.0,25735600.0,21080000,27200000.0,26800000.0,29600000.0,2024.0
595,Micro-611,1.0,2019.0,1,1.0,1.0,1.0,6456000,8501000.0,8637000.0,14820000.0,7965000,10995000.0,12330000.0,17520000.0,2024.0
596,Micro-612,1.0,,6,2.0,2.0,4.0,0,0.0,3025000.0,3773000.0,3550000,5075000.0,0.0,0.0,2024.0
597,Micro-613,1.0,2017.0,1,1.0,1.0,1.0,5960000,0.0,0.0,0.0,6050000,0.0,0.0,0.0,2024.0
598,Micro-614,1.0,2020.0,1,1.0,1.0,1.0,2106000,2322000.0,0.0,0.0,3000000,2850000.0,0.0,0.0,2024.0
599,Micro-615,1.0,,1,1.0,1.0,1.0,1977000,0.0,0.0,0.0,3050000,0.0,0.0,0.0,2024.0
600,Micro-616,1.0,,2,2.0,2.0,2.0,2150000,2080000.0,0.0,0.0,3530000,40000000.0,0.0,0.0,2024.0
601,Micro-617,1.0,,1,1.0,1.0,1.0,499200,380160.0,471600.0,1323000.0,1500000,1020000.0,1944000.0,2838000.0,2024.0
602,Micro-618,1.0,2020.0,2,2.0,2.0,2.0,0,0.0,0.0,0.0,0,0.0,0.0,0.0,2024.0
603,Micro-619,1.0,2021.0,2,2.0,1.0,1.0,369600,276000.0,396000.0,498000.0,444000,324000.0,432000.0,588000.0,2024.0
604,Micro-620,1.0,2017.0,2,2.0,2.0,2.0,4215600,13467600.0,14367600.0,17972400.0,750000,1300000.0,1400000.0,1745000.0,2024.0
605,Micro-621,1.0,2013.0,2,2.0,2.0,2.0,140000,148000.0,84000.0,287000.0,10000,15000.0,16000.0,20000.0,2024.0
606,Micro-622,1.0,2015.0,1,1.0,1.0,1.0,192000,192000.0,222000.0,186000.0,0,0.0,96000.0,1000000.0,2024.0
607,Micro-623,1.0,2014.0,1,1.0,1.0,1.0,83000,77000.0,126000.0,120000.0,0,0.0,0.0,0.0,2024.0
608,Micro-624,1.0,2020.0,3,3.0,3.0,3.0,684000,727000.0,632000.0,840000.0,0,0.0,0.0,0.0,2024.0
609,Micro-625,1.0,2018.0,1,1.0,1.0,1.0,8087000,4794000.0,10879579.0,25357622.0,20150000,8000000.0,15000000.0,25000000.0,2024.0
610,Micro-626,1.0,2006.0,1,1.0,1.0,1.0,370000,370000.0,370000.0,370000.0,50000,50000.0,50000.0,50000.0,2024.0
611,Micro-627,1.0,2019.0,0,0.0,0.0,4.0,39000,39000.0,47000.0,47000.0,110000,110000.0,110000.0,110000.0,2024.0
612,Micro-628,1.0,2019.0,2,1.0,1.0,1.0,1560000,1500000.0,1250000.0,1560000.0,100000,100000.0,100000.0,100000.0,2024.0
613,Micro-629,1.0,2021.0,10,22.0,22.0,25.0,7000000,7000000.0,7000000.0,7000000.0,1000000,1000000.0,1000000.0,1000000.0,2024.0
614,Micro-630,1.0,2020.0,2,3.0,3.0,5.0,14000000,14000000.0,14000000.0,14000000.0,5000000,5000000.0,5000000.0,5000000.0,2024.0
615,Micro-631,1.0,,4,0.0,0.0,2.0,780000,780000.0,780000.0,780000.0,100000,100000.0,100000.0,100000.0,2024.0
616,Micro-632,1.0,1980.0,1,0.0,0.0,1.0,590000,590000.0,590000.0,590000.0,100000,100000.0,100000.0,100000.0,2024.0
617,Micro-633,1.0,2011.0,3,0.0,0.0,4.0,104000,104000.0,104000.0,104000.0,50000,50000.0,50000.0,50000.0,2024.0
618,Micro-634,1.0,2005.0,5,5.0,5.0,5.0,288000,355000.0,362000.0,366000.0,488000,464000.0,572000.0,666000.0,2024.0
619,Micro-635,1.0,2005.0,3,1.0,1.0,3.0,0,0.0,1734500.0,1731700.0,0,0.0,120000.0,120000.0,2024.0
620,Micro-636,1.0,2017.0,19,8.0,7.0,8.0,156000,162000.0,156000.0,182000.0,0,0.0,480000.0,540000.0,2024.0
621,Micro-637,1.0,2014.0,5,1.0,1.0,1.0,1200000,1200000.0,1100000.0,1200000.0,100000,100000.0,100000.0,100000.0,2024.0
622,Micro-638,1.0,2016.0,1,0.0,0.0,1.0,254000,204000.0,204000.0,204000.0,50000,50000.0,50000.0,50000.0,2024.0
623,1-Mi,0.0,2015.0,1,1.0,1.0,1.0,127200,0.0,0.0,0.0,185000,0.0,0.0,0.0,2020.0
624,2-Mi,0.0,2013.0,3,2.0,0.0,0.0,650000,490000.0,0.0,0.0,50000,30000.0,0.0,0.0,2021.0
625,3-Mi,0.0,2020.0,3,3.0,2.0,2.0,500000,500000.0,500000.0,0.0,50000,40000.0,30000.0,0.0,2022.0
626,4-Mi,0.0,2020.0,3,3.0,3.0,2.0,410000,440000.0,410000.0,360000.0,50000,50000.0,50000.0,50000.0,
627,5-Mi,0.0,2012.0,2,0.0,0.0,0.0,1463000,0.0,0.0,0.0,1680000,0.0,0.0,0.0,2020.0
628,6-Mi,0.0,2018.0,1,1.0,1.0,1.0,0,0.0,0.0,0.0,0,0.0,0.0,0.0,2020.0
629,7-Mi,0.0,2018.0,1,1.0,1.0,1.0,89000,0.0,0.0,0.0,102000,0.0,0.0,0.0,2021.0
630,8-Mi,0.0,2013.0,2,0.0,0.0,0.0,310000,0.0,0.0,0.0,680000,0.0,0.0,0.0,2020.0
631,9-Mi,0.0,2019.0,1,0.0,0.0,0.0,4795000,0.0,0.0,0.0,6785000,0.0,0.0,0.0,
632,10-Mi,0.0,2022.0,0,0.0,1.0,1.0,0,0.0,30000.0,32000.0,0,0.0,18000.0,18000.0,2024.0
633,11-Mi,0.0,1979.0,1,1.0,1.0,0.0,324000,324000.0,324000.0,0.0,400000,400000.0,500000.0,0.0,
634,12-Mi,0.0,2019.0,4,4.0,4.0,4.0,930000,935000.0,1115000.0,1250000.0,200000,400000.0,655000.0,600000.0,2023.0
635,13-Mi,0.0,,1,0.0,0.0,0.0,368000,0.0,0.0,0.0,60000,0.0,0.0,0.0,2020.0
636,14-Mi,0.0,2019.0,2,0.0,0.0,0.0,462000,0.0,0.0,0.0,180000,0.0,0.0,0.0,2020.0
637,15-Mi,0.0,2019.0,2,2.0,0.0,0.0,594000,465000.0,0.0,0.0,360000,180000.0,0.0,0.0,2021.0
638,16-Mi,0.0,2020.0,1,1.0,1.0,0.0,406000,468000.0,690000.0,0.0,100000,110000.0,120000.0,0.0,2022.0
639,17-Mi,0.0,2019.0,3,3.0,0.0,0.0,1008000,1008000.0,0.0,0.0,552000,552000.0,0.0,0.0,2021.0
640,18-Mi,0.0,2021.0,0,3.0,0.0,0.0,0,44000.0,0.0,0.0,0,70000.0,0.0,0.0,2022.0
641,19-Mi,0.0,,2,0.0,0.0,0.0,937000,0.0,0.0,0.0,1000000,0.0,0.0,0.0,2022.0
642,20-Mi,0.0,2021.0,1,1.0,1.0,0.0,520000,520000.0,520000.0,0.0,200000,200000.0,200000.0,0.0,2023.0
643,21-Mi,0.0,,2,2.0,0.0,0.0,71300,86900.0,0.0,0.0,20000,23000.0,0.0,0.0,2022.0
644,22-Mi,0.0,2020.0,1,0.0,0.0,0.0,64000,0.0,0.0,0.0,216000,0.0,0.0,0.0,2021.0
645,23-Mi,0.0,2018.0,1,0.0,0.0,0.0,666000,0.0,0.0,0.0,600000,0.0,0.0,0.0,2020.0
646,24-Mi,0.0,2018.0,1,0.0,0.0,0.0,219000,0.0,0.0,0.0,302000,0.0,0.0,0.0,2021.0
647,25-Mi,0.0,2017.0,1,0.0,0.0,0.0,7050,0.0,0.0,0.0,34000,0.0,0.0,0.0,2020.0
648,26-Mi,0.0,2017.0,3,0.0,0.0,0.0,857000,0.0,0.0,0.0,1050000,0.0,0.0,0.0,2020.0
649,27-Mi,0.0,2014.0,4,0.0,0.0,0.0,710000,0.0,0.0,0.0,1500000,0.0,0.0,0.0,2020.0
650,28-Mi,0.0,2015.0,1,1.0,0.0,0.0,1134000,940000.0,0.0,0.0,1200000,1000000.0,0.0,0.0,2020.0
651,29-Mi,0.0,2016.0,1,0.0,0.0,0.0,67400,0.0,0.0,0.0,71000,0.0,0.0,0.0,2020.0
652,30-Mi,0.0,2018.0,1,0.0,0.0,0.0,69200,0.0,0.0,0.0,78000,0.0,0.0,0.0,2020.0
653,31-Mi,0.0,2018.0,4,0.0,0.0,0.0,1915500,0.0,0.0,0.0,2050000,0.0,0.0,0.0,2020.0
654,32-Mi,0.0,,1,0.0,0.0,0.0,17900,0.0,0.0,0.0,24000,0.0,0.0,0.0,2020.0
655,33-Mi,0.0,2016.0,3,0.0,0.0,0.0,3781000,0.0,0.0,0.0,4726250,0.0,0.0,0.0,2020.0
656,34-Mi,0.0,2020.0,3,2.0,0.0,0.0,2320000,1480000.0,0.0,0.0,2825000,1800000.0,0.0,0.0,2021.0
657,35-Mi,0.0,2010.0,2,2.0,1.0,0.0,1398000,1122000.0,552000.0,30000.0,1747500,14025000.0,600000.0,0.0,2022.0
658,36-Mi,0.0,2019.0,1,0.0,0.0,0.0,90000,0.0,0.0,0.0,100000,0.0,0.0,0.0,2020.0
659,37-Mi,0.0,2017.0,1,0.0,0.0,0.0,114000,0.0,0.0,0.0,117750,0.0,0.0,0.0,2020.0
660,38-Mi,0.0,2019.0,6,5.0,1.0,1.0,1010000,1070000.0,70500.0,71000.0,840000,840000.0,200000.0,200000.0,2021.0
661,39-Mi,0.0,2018.0,2,2.0,2.0,2.0,600000,570000.0,456000.0,273600.0,840000,798000.0,638400.0,383040.0,2024.0
662,40-Mi,0.0,2019.0,1,1.0,1.0,1.0,259200,246240.0,196980.0,117736.0,420000,399000.0,319200.0,191520.0,2024.0
663,41-Mi,0.0,2017.0,1,1.0,1.0,1.0,4869000,3939500.0,2973000.0,2692500.0,5760000,4608000.0,3456000.0,3110400.0,2023.0
664,42-Mi,0.0,2016.0,2,2.0,2.0,2.0,811970,863105.0,895900.0,866400.0,974364,1035726.0,1075080.0,1083000.0,2024.0
665,43-Mi,0.0,2015.0,1,1.0,1.0,1.0,251000,263750.0,290125.0,217750.0,360000,342000.0,307800.0,292410.0,2024.0
666,44-Mi,0.0,2018.0,1,1.0,0.0,0.0,83400,42000.0,0.0,0.0,143000,70500.0,0.0,0.0,2021.0
667,45-Mi,0.0,2019.0,2,2.0,2.0,2.0,90600,113800.0,126800.0,162000.0,240000,250000.0,280000.0,350000.0,2024.0
668,46-Mi,0.0,2016.0,1,1.0,1.0,1.0,115500,165000.0,137000.0,65600.0,148000,205000.0,185000.0,65000.0,2023.0
669,47-Mi,0.0,1996.0,5,5.0,0.0,0.0,808000,822000.0,0.0,0.0,900000,960000.0,0.0,0.0,2022.0
670,48-Mi,0.0,2018.0,2,3.0,3.0,0.0,485500,361700.0,168550.0,0.0,780000,570000.0,195500.0,0.0,2022.0
671,49-Mi,0.0,2016.0,2,2.0,1.0,0.0,607700,1111700.0,746700.0,0.0,847500,1435000.0,1075800.0,0.0,2022.0
672,50-Mi,0.0,1989.0,3,2.0,2.0,0.0,336500,621000.0,561400.0,0.0,540000,925000.0,655000.0,0.0,2022.0
673,51-Mi,0.0,2017.0,1,0.0,0.0,0.0,83800,0.0,0.0,0.0,126000,0.0,0.0,0.0,2020.0
674,52-Mi,0.0,2018.0,5,5.0,5.0,0.0,3682000,5587100.0,5290500.0,0.0,4008000,6088500.0,6380000.0,0.0,2022.0
675,53-Mi,0.0,2020.0,1,1.0,1.0,1.0,144000,144000.0,154500.0,162500.0,250000,280000.0,270000.0,300000.0,2023.0
676,54-Mi,0.0,2020.0,1,1.0,1.0,0.0,0,0.0,0.0,0.0,0,0.0,0.0,0.0,2023.0
677,55-Mi,0.0,2012.0,1,1.0,0.0,0.0,3850000,4315000.0,0.0,0.0,7550000,5575000.0,0.0,0.0,2022.0
678,56-Mi,0.0,2009.0,1,1.0,0.0,0.0,4309200,5722000.0,0.0,0.0,4750000,6550000.0,0.0,0.0,2021.0
679,57-Mi,0.0,2015.0,1,0.0,0.0,0.0,4697000,0.0,0.0,0.0,7500000,0.0,0.0,0.0,2022.0
680,58-Mi,0.0,2011.0,1,1.0,0.0,0.0,5498500,6100000.0,0.0,0.0,7000000,6500000.0,0.0,0.0,2021.0
681,59-Mi,0.0,2009.0,0,0.0,0.0,0.0,4761500,5447000.0,0.0,0.0,9050000,7550000.0,0.0,0.0,2021.0
682,60-Mi,0.0,2011.0,1,0.0,0.0,0.0,4369250,0.0,0.0,0.0,6575000,0.0,0.0,0.0,2022.0
683,62-Mi,0.0,2019.0,2,2.0,3.0,2.0,1584000,986000.0,1008000.0,930000.0,2400000,2600000.0,2800000.0,2000000.0,2023.0
684,63-Mi,0.0,2015.0,2,2.0,2.0,0.0,225000,248000.0,237000.0,0.0,300000,220000.0,325000.0,0.0,2022.0
685,64-Mi,0.0,2021.0,2,2.0,2.0,2.0,1835000,37000.0,35000.0,75000.0,0,0.0,0.0,0.0,2022.0
686,65-Mi,0.0,2012.0,9,0.0,0.0,0.0,387500,337500.0,337500.0,337500.0,0,0.0,1200000.0,0.0,2020.0
687,66-Mi,0.0,2019.0,1,0.0,0.0,0.0,11413125,112500.0,0.0,0.0,0,0.0,0.0,0.0,2021.0
688,67-Mi,0.0,2016.0,1,1.0,0.0,0.0,190625,56250.0,72500.0,70000.0,0,0.0,0.0,0.0,2021.0
689,68-Mi,0.0,2016.0,9,4.0,0.0,0.0,19237500,152500.0,0.0,100000.0,0,216000.0,216000.0,0.0,
690,69-Mi,0.0,2021.0,0,4.0,2.0,0.0,56250,28125.0,112500.0,57500.0,30000,0.0,0.0,0.0,2023.0
691,70-Mi,0.0,2007.0,1,1.0,1.0,1.0,100750,0.0,900.0,33750.0,0,185000.0,180000.0,0.0,2023.0
692,71-Mi,0.0,2012.0,9,5.0,3.0,2.0,0,120000.0,0.0,407500.0,0,1680000.0,798000.0,0.0,2023.0
693,72-Mi,0.0,2009.0,3,3.0,1.0,0.0,0,1125.0,113625.0,7875.0,0,0.0,0.0,0.0,2022.0
694,73-Mi,0.0,1990.0,5,5.0,0.0,0.0,19080000,0.0,245000.0,0.0,0,0.0,0.0,0.0,2021.0
695,74-Mi,0.0,2018.0,4,4.0,4.0,0.0,0,0.0,100000.0,50000.0,14025000,302000.0,0.0,0.0,2023.0
696,75-Mi,0.0,2011.0,8,0.0,0.0,0.0,65625,0.0,56250.0,112500.0,216000,124396.0,187911.4,198936.3,2021.0
697,76-Mi,0.0,2000.0,1,0.0,0.0,0.0,0,0.0,0.0,0.0,100000,100000.0,100000.0,100000.0,2021.0
698,77-Mi,0.0,,0,0.0,0.0,0.0,10165000,180000.0,0.0,85000.0,300000,0.0,0.0,0.0,2020.0
699,78-Mi,0.0,1991.0,40,0.0,0.0,0.0,16905000,20000.0,63750.0,22500.0,1083000,0.0,0.0,400000.0,2021.0
700,79-Mi,0.0,2012.0,4,3.0,1.0,0.0,196875,120000.0,37500.0,20000.0,0,0.0,638400.0,3110400.0,2022.0
701,80-Mi,0.0,2018.0,13,9.0,3.0,0.0,19140000,33750.0,795000.0,120000.0,0,0.0,0.0,0.0,2022.0
702,81-Mi,0.0,2021.0,0,1.0,1.0,1.0,70000,675000.0,393750.0,127500.0,0,0.0,191520.0,0.0,2024.0
703,82-Mi,0.0,2004.0,9,0.0,0.0,0.0,70312.5,18750.0,0.0,28125.0,201269.5,110000.0,247101.9,155157.9,2022.0
704,83-Mi,0.0,2006.0,1,0.0,0.0,0.0,116437.5,807500.0,0.0,3937.5,0,0.0,0.0,0.0,2020.0
705,84-Mi,0.0,2006.0,6,3.0,0.0,0.0,60187.5,56250.0,18750.0,80000.0,2825000,0.0,0.0,0.0,2024.0
706,85-Mi,0.0,2010.0,1,1.0,0.0,0.0,11435625,675000.0,0.0,33750.0,0,0.0,185000.0,0.0,2022.0
707,86-Mi,0.0,2020.0,3,3.0,3.0,0.0,0,50000.0,0.0,12000.0,1050000,400000.0,0.0,0.0,2022.0
708,87-Mi,0.0,2010.0,1,1.0,1.0,0.0,0,0.0,98000.0,0.0,0,0.0,0.0,0.0,2022.0
709,88-Mi,0.0,2008.0,1,1.0,0.0,0.0,34650,675000.0,0.0,0.0,383040,0.0,500000.0,0.0,2021.0
710,89-Mi,0.0,2014.0,11,6.0,0.0,0.0,501875,120000.0,112500.0,253750.0,798000,798000.0,0.0,798000.0,2021.0
711,90-Mi,0.0,,0,0.0,0.0,0.0,28125,112500.0,72500.0,56250.0,0,0.0,0.0,0.0,2019.0
712,91-Mi,0.0,2010.0,1,1.0,0.0,0.0,0,41250.0,0.0,5625.0,2825000,0.0,0.0,0.0,2021.0
713,92-Mi,0.0,2019.0,0,0.0,0.0,0.0,33750,5850.0,0.0,117000.0,1747500,383040.0,0.0,0.0,2019.0
714,93-Mi,0.0,2010.0,11,1.0,0.0,0.0,0,112500.0,56250.0,0.0,0,0.0,383040.0,78000.0,2021.0
715,94-Mi,0.0,2018.0,0,0.0,0.0,0.0,0,275000.0,112500.0,127500.0,0,0.0,0.0,0.0,2020.0
716,95-Mi,0.0,2010.0,0,0.0,0.0,0.0,0,0.0,0.0,0.0,0,0.0,302000.0,420000.0,2019.0
717,96-Mi,0.0,2011.0,3,3.0,3.0,0.0,183750,33750.0,333750.0,183750.0,300000,0.0,0.0,0.0,
718,97-Mi,0.0,2018.0,2,2.0,0.0,0.0,112500,152500.0,0.0,75350.0,0,420000.0,0.0,0.0,2020.0
719,98-Mi,0.0,2015.0,0,0.0,0.0,0.0,98750,5625.0,102500.0,0.0,16000,0.0,0.0,0.0,2019.0
720,99-Mi,0.0,2010.0,0,0.0,0.0,0.0,83750,353500.0,5850.0,1125.0,100000,176269.9,121475.5,148227.5,2019.0
721,100-Mi,0.0,2020.0,2,2.0,1.0,1.0,57812.5,35000.0,119375.0,15000.0,0,0.0,0.0,4608000.0,2023.0
722,101-Mi,0.0,1996.0,1,1.0,0.0,0.0,40500,45000.0,30000.0,12000.0,0,0.0,500000.0,0.0,2021.0
723,102-Mi,0.0,2020.0,5,4.0,0.0,0.0,49062.5,103125.0,0.0,95000.0,0,0.0,0.0,1747500.0,2022.0
724,103-Mi,0.0,2020.0,3,2.0,2.0,2.0,117500,112500.0,112500.0,112500.0,360000,360000.0,360000.0,360000.0,2021.0
725,104-Mi,0.0,2018.0,1,1.0,0.0,0.0,45000,765000.0,0.0,1350000.0,0,0.0,0.0,0.0,2022.0
726,105-Mi,0.0,2010.0,7,4.0,0.0,0.0,10125000,0.0,0.0,78750.0,4726250,0.0,10000000.0,0.0,2021.0
727,106-Mi,0.0,2013.0,7,1.0,0.0,0.0,0,120000.0,0.0,60000.0,0,0.0,0.0,0.0,2020.0
728,107-Mi,0.0,2020.0,3,3.0,0.0,0.0,337500,382500.0,337500.0,337500.0,0,0.0,0.0,0.0,2020.0
729,108-Mi,0.0,2019.0,13,13.0,0.0,0.0,40000,0.0,116437.5,5850.0,0,0.0,144000.0,0.0,2022.0
730,109-Mi,0.0,,1,1.0,0.0,0.0,202750,372500.0,196875.0,40000.0,1083000,0.0,0.0,0.0,
731,110-Mi,0.0,,1,1.0,0.0,0.0,75000,78125.0,14062.5,75000.0,80000,80000.0,80000.0,80000.0,2022.0
732,111-Mi,0.0,2012.0,1,1.0,0.0,0.0,342337.5,0.0,0.0,0.0,0,0.0,0.0,0.0,2019.0
733,112-Mi,0.0,,1,1.0,0.0,0.0,18900000,33750.0,0.0,675000.0,0,0.0,5000.0,0.0,
734,113-Mi,0.0,2009.0,1,1.0,0.0,0.0,19053750,153750.0,0.0,120000.0,217992.8,272700.2,0.0,185000.0,2020.0
735,114-Mi,0.0,,1,1.0,0.0,0.0,135000,0.0,45000.0,0.0,0,0.0,0.0,0.0,
736,115-Mi,0.0,2010.0,2,2.0,0.0,0.0,87500,22500.0,47500.0,20000.0,16000,0.0,0.0,974364.0,2020.0
737,116-Mi,0.0,2008.0,2,2.0,0.0,0.0,22500,337500.0,1410000.0,192500.0,180000,180000.0,180000.0,180000.0,2021.0
738,117-Mi,0.0,2016.0,1,1.0,0.0,0.0,357000,22500.0,22500.0,0.0,399000,0.0,2825000.0,0.0,2022.0
739,118-Mi,0.0,2012.0,1,1.0,1.0,1.0,11390625,150000.0,262500.0,0.0,0,399000.0,0.0,383040.0,2022.0
740,119-Mi,0.0,2016.0,2,20.0,0.0,0.0,5000,80000.0,0.0,16000.0,5760000,0.0,0.0,0.0,2020.0
741,120-Mi,0.0,2018.0,9,9.0,7.0,4.0,16000,0.0,0.0,0.0,0,0.0,0.0,0.0,2021.0
742,121-Mi,0.0,2019.0,26,13.0,7.0,7.0,18000,33750.0,9000.0,0.0,0,0.0,3456000.0,0.0,2023.0
743,122-Mi,0.0,2018.0,2,2.0,0.0,0.0,28125,0.0,14062.5,75000.0,0,0.0,4608000.0,20000.0,2010.0
744,123-Mi,0.0,2016.0,1,1.0,1.0,0.0,11390625,397500.0,22500.0,0.0,0,0.0,0.0,0.0,2022.0
745,124-Mi,0.0,2017.0,1,1.0,1.0,0.0,871000,371250.0,0.0,39625.0,94227.56,65323.04,0.0,30000.0,2022.0
746,125-Mi,0.0,2018.0,1,1.0,0.0,0.0,66000,25000.0,61875.0,30000.0,0,0.0,0.0,0.0,2022.0
747,126-Mi,0.0,2012.0,1,1.0,0.0,0.0,0,80000.0,0.0,0.0,0,0.0,0.0,0.0,2021.0
748,127-Mi,0.0,2015.0,7,6.0,0.0,0.0,45000,80000.0,22500.0,90000.0,500000,0.0,399000.0,0.0,2022.0
749,128-Mi,0.0,2015.0,5,5.0,3.0,1.0,0,5850.0,732375.0,0.0,0,5000.0,25000.0,0.0,2023.0
750,129-Mi,0.0,2005.0,1,1.0,1.0,1.0,30000,0.0,0.0,60000.0,0,0.0,0.0,0.0,2023.0
751,130-Mi,0.0,2020.0,1,1.0,1.0,0.0,11390625,573750.0,180000.0,180000.0,0,0.0,0.0,0.0,2022.0
752,132-Mi,0.0,2010.0,1,1.0,1.0,0.0,450000,765000.0,325000.0,0.0,0,0.0,0.0,0.0,2022.0
753,133-Mi,0.0,2020.0,1,1.0,1.0,1.0,0,1125.0,382875.0,203750.0,0,1050000.0,0.0,2825000.0,2023.0
754,134-Mi,0.0,2020.0,1,1.0,0.0,0.0,0,105312.5,18750.0,44125.0,0,655000.0,0.0,0.0,2023.0
755,135-Mi,0.0,2020.0,1,1.0,0.0,0.0,22500,50500.0,15000.0,45000.0,0,0.0,655000.0,0.0,2021.0
756,136-Mi,0.0,2020.0,1,1.0,1.0,1.0,337500,326250.0,55000.0,134375.0,14089869,14025000.0,14106784.0,0.0,2022.0
757,137-Mi,0.0,2020.0,1,1.0,1.0,1.0,0,0.0,112500.0,56250.0,0,0.0,0.0,0.0,2022.0
758,138-Mi,0.0,2014.0,1,1.0,1.0,1.0,637500,0.0,637500.0,637500.0,0,0.0,0.0,0.0,2024.0
759,139-Mi,0.0,2019.0,1,1.0,1.0,1.0,0,397500.0,337500.0,367500.0,974364,0.0,0.0,0.0,2024.0
760,140-Mi,0.0,,1,1.0,0.0,0.0,250000,3937.5,125000.0,683775.0,0,399000.0,0.0,276000.0,2022.0
761,141-Mi,0.0,,1,1.0,1.0,1.0,0,63750.0,53750.0,92500.0,2802717,2735639.0,2825000.0,0.0,2021.0
762,142-Mi,0.0,2021.0,1,1.0,0.0,0.0,1125,28350.0,0.0,3937.5,141465.4,0.0,108545.1,80000.0,2021.0
763,143-Mi,0.0,2010.0,1,1.0,1.0,1.0,18900000,85000.0,0.0,710000.0,0,87766.88,45000.0,124418.1,2022.0
764,144-Mi,0.0,,1,1.0,1.0,1.0,722500,80000.0,755000.0,168750.0,400000,0.0,191520.0,0.0,2022.0
765,145-Mi,0.0,2015.0,1,1.0,0.0,0.0,0,0.0,0.0,0.0,5760000,10000000.0,0.0,0.0,2021.0
766,146-Mi,0.0,2010.0,1,1.0,0.0,0.0,18905000,720000.0,0.0,795000.0,0,0.0,0.0,0.0,2021.0
767,147-Mi,0.0,2015.0,1,1.0,0.0,0.0,0,0.0,28937.5,116437.5,0,400000.0,0.0,0.0,2022.0
768,148-Mi,0.0,2010.0,1,1.0,0.0,0.0,823350,360000.0,1125.0,337500.0,191520,175041.9,65290.27,102968.1,2021.0
769,149-Mi,0.0,2015.0,1,1.0,0.0,0.0,33750,0.0,67500.0,33750.0,399000,0.0,0.0,302000.0,2019.0
770,150-Mi,0.0,2018.0,2,2.0,2.0,2.0,22500,0.0,393750.0,7875.0,24000,124017.6,79786.57,70563.23,2022.0
771,151-Mi,0.0,2018.0,1,1.0,0.0,0.0,11925000,68250.0,33750.0,18000.0,1200000,0.0,0.0,14025000.0,2020.0
772,152-Mi,0.0,2020.0,2,2.0,2.0,0.0,10137000,33750.0,0.0,33750.0,0,0.0,0.0,0.0,2022.0
773,153-Mi,0.0,2017.0,3,3.0,0.0,0.0,19230000,37500.0,33750.0,0.0,7500000,0.0,0.0,0.0,2021.0
774,154-Mi,0.0,2015.0,1,1.0,1.0,0.0,100000,0.0,0.0,50000.0,0,10000000.0,0.0,0.0,2022.0
775,155-Mi,0.0,2019.0,1,1.0,1.0,1.0,168750,1012500.0,240000.0,243000.0,7500000,0.0,1200000.0,0.0,2022.0
776,156-Mi,0.0,2019.0,1,1.0,1.0,0.0,0,33750.0,67500.0,0.0,399000,974364.0,0.0,0.0,2021.0
777,157-Mi,0.0,2015.0,1,1.0,0.0,0.0,180900,40900.0,0.0,675000.0,4608000,0.0,0.0,0.0,2021.0
778,158-Mi,0.0,2018.0,2,2.0,2.0,0.0,19365000,120000.0,0.0,0.0,100000,0.0,0.0,0.0,2022.0
779,159-Mi,0.0,2012.0,1,1.0,0.0,0.0,675900,675000.0,0.0,20000.0,102000,0.0,0.0,15000.0,2021.0
780,160-Mi,0.0,2018.0,2,2.0,0.0,0.0,225000,0.0,168750.0,1012500.0,0,0.0,0.0,0.0,2020.0
781,161-Mi,0.0,2010.0,1,1.0,1.0,1.0,247812.5,0.0,56250.0,28125.0,1747500,1797331.0,1827726.0,0.0,2024.0
782,162-Mi,0.0,2010.0,1,1.0,1.0,0.0,300000,203750.0,56250.0,0.0,0,0.0,0.0,0.0,2022.0
783,163-Mi,0.0,2010.0,3,4.0,4.0,0.0,106250,50000.0,56250.0,106250.0,35000,35000.0,35000.0,35000.0,2022.0
784,164-Mi,0.0,2021.0,1,1.0,1.0,0.0,300000,30000.0,40000.0,0.0,0,0.0,0.0,0.0,2022.0
785,165-Mi,0.0,2010.0,1,1.0,1.0,1.0,1390000,35000.0,1350000.0,45000.0,0,0.0,0.0,0.0,2024.0
786,166-Mi,0.0,2014.0,3,1.0,0.0,0.0,5850,798937.5,675000.0,22500.0,0,0.0,1200000.0,0.0,2021.0
787,167-Mi,0.0,2018.0,4,1.0,1.0,0.0,675000,731250.0,0.0,0.0,0,0.0,78000.0,0.0,2021.0
788,168-Mi,0.0,2018.0,1,1.0,1.0,0.0,975000,5000.0,1125.0,3937.5,5000,0.0,0.0,0.0,2020.0
789,169-Mi,0.0,2014.0,10,10.0,12.0,0.0,408750,691000.0,337500.0,120000.0,0,3110400.0,500000.0,0.0,
790,170-Mi,0.0,2017.0,4,4.0,4.0,0.0,0,0.0,0.0,0.0,16000,0.0,0.0,0.0,2022.0
